Munic;UF; Area_Soja_ha 2025 ; Area_Soja_ha 2020 ; Area_Soja_ha 2015 ; Expansao_10_anos ; Expansao_5_anos ; Mun_Rev 
Formosa do Rio Preto;BA;569.603,30;479.013,70;359.497,97;37%;16%;Não
São Desidério;BA;511.745,88;357.859,26;210.169,15;59%;30%;Reverte
Rio Verde;GO;447.296,22;386.491,55;399.905,19;11%;14%;Não
Sorriso;MT;393.097,63;368.951,24;389.421,94;1%;6%;Não
Sapezal;MT;389.321,40;359.570,55;379.150,39;3%;8%;Não
Campo Novo do Parecis;MT;380.611,59;331.691,27;339.661,51;11%;13%;Não
Diamantino;MT;379.169,39;366.640,77;335.969,16;11%;3%;Não
Maracaju;MS;344.752,32;298.793,47;250.501,35;27%;13%;Não
Nova Mutum;MT;342.156,60;326.192,34;327.199,44;4%;5%;Reverte
Ponta Porã;MS;320.683,96;262.545,86;201.942,19;37%;18%;Reverte
Primavera do Leste;MT;311.188,03;282.056,52;292.231,91;6%;9%;Reverte
Baixa Grande do Ribeiro;PI;288.712,00;224.637,62;166.753,70;42%;22%;Não
Balsas;MA;287.502,65;275.410,40;243.860,00;15%;4%;Reverte
Jataí;GO;285.610,43;255.739,95;250.553,28;12%;10%;Não
Cristalina;GO;274.739,82;261.507,10;177.501,36;35%;5%;Não
Barreiras;BA;270.680,36;220.114,31;155.569,56;43%;19%;Não
Campo Verde;MT;265.885,92;240.072,36;250.957,01;6%;10%;Reverte
Uruçuí;PI;260.442,42;204.777,77;140.625,26;46%;21%;Não
Sidrolândia;MS;256.144,37;232.901,11;181.273,12;29%;9%;Não
Correntina;BA;244.214,73;186.276,15;110.032,07;55%;24%;Não
Luís Eduardo Magalhães;BA;225.068,82;195.730,10;140.002,22;38%;13%;Reverte
Jaborandi;BA;223.116,21;134.499,20;64.389,55;71%;40%;Não
Itiquira;MT;222.766,45;215.166,04;182.533,91;18%;3%;Reverte
Lucas do Rio Verde;MT;220.471,58;216.407,73;214.576,71;3%;2%;Não
Campos de Júlio;MT;214.597,56;188.476,42;189.646,03;12%;12%;Reverte
Nova Ubiratã;MT;181.847,94;170.932,69;178.710,23;2%;6%;Não
Paranatinga;MT;179.995,86;132.795,80;148.411,17;18%;26%;Reverte
Unaí;MG;174.532,98;163.926,87;139.983,12;20%;6%;Não
Água Boa;MT;174.143,96;163.458,74;114.224,90;34%;6%;Reverte
Santa Rita do Trivelato;MT;171.801,74;159.205,60;161.023,09;6%;7%;Não
Brasnorte;MT;170.860,21;145.466,37;158.498,29;7%;15%;Reverte
Canarana;MT;158.585,48;145.150,90;123.008,95;22%;8%;Não
Paracatu;MG;153.613,24;143.249,14;120.099,61;22%;7%;Não
Paraúna;GO;152.283,28;106.911,02;122.330,37;20%;30%;Reverte
Riachão das Neves;BA;152.113,36;123.272,39;86.489,13;43%;19%;Não
Montividiu;GO;136.747,40;131.823,68;125.986,97;8%;4%;Não
Mineiros;GO;129.611,52;122.401,88;108.094,26;17%;6%;Não
Alto Garças;MT;125.244,29;111.482,36;106.440,06;15%;11%;Não
Chapadão do Céu;GO;122.183,26;106.469,39;113.749,56;7%;13%;Não
Dourados;MS;121.356,40;110.142,75;70.853,10;42%;9%;Não
Goiatuba;GO;119.458,74;82.802,62;100.841,56;16%;31%;Não
Aral Moreira;MS;118.082,98;104.795,41;97.673,95;17%;11%;Não
São Gabriel do Oeste;MS;117.095,47;116.177,03;106.440,06;9%;1%;Não
Caiapônia;GO;115.093,65;105.014,23;88.188,34;23%;9%;Reverte
Santo Antônio do Leste;MT;115.034,61;99.714,54;107.782,01;6%;13%;Não
Bom Jesus;PI;110.997,27;94.633,57;74.064,85;33%;15%;Não
Chapadão do Sul;MS;110.993,47;100.093,43;96.841,73;13%;10%;Não
Brasília;DF;110.946,32;103.534,03;85.607,81;23%;7%;Não
Novo São Joaquim;MT;108.414,89;96.183,52;98.890,80;9%;11%;Não
Catalão;GO;107.190,24;103.758,02;91.410,81;15%;3%;Não
Rio Brilhante;MS;106.042,66;90.849,34;72.212,49;32%;14%;Não
Ipameri;GO;105.658,02;97.617,83;30.014,18;72%;8%;Não
Tasso Fragoso;MA;104.400,15;101.176,81;96.985,34;7%;3%;Não
Buritis;MG;102.194,81;95.496,28;80.814,25;21%;7%;Não
Rondonópolis;MT;102.066,50;97.898,71;98.232,00;4%;4%;Não
Laguna Carapã;MS;102.019,84;92.359,15;75.332,46;26%;9%;Não
Ribeiro Gonçalves;PI;100.552,60;86.298,85;68.924,16;31%;14%;Não
Silvânia;GO;93.429,09;88.499,91;52.122,23;44%;5%;Não
Costa Rica;MS;90.968,30;82.701,88;77.046,19;15%;9%;Não
Alto Parnaíba;MA;89.075,11;85.358,69;82.190,20;8%;4%;Não
Uberlândia;MG;85.562,80;67.613,78;48.997,78;43%;21%;Não
Campo Grande;MS;84.926,41;81.955,59;36.893,55;57%;3%;Não
Santa Filomena;PI;84.133,07;72.047,64;53.154,66;37%;14%;Não
Mateiros;TO;84.065,94;77.547,64;69.192,37;18%;8%;Não
Riachão;MA;81.712,22;72.401,88;64.429,21;21%;11%;Não
Luziânia;GO;80.051,40;67.705,75;49.045,81;39%;15%;Não
Bandeirantes;MS;79.620,58;76.058,00;40.609,48;49%;4%;Não
Paraíso das Águas;MS;77.931,11;57.621,16;54.371,32;30%;26%;Não
São José do Rio Claro;MT;77.289,56;73.722,89;68.799,06;11%;5%;Não
Campo Alegre de Goiás;GO;76.646,26;71.258,98;30.191,21;61%;7%;Reverte
Guarda-Mor;MG;73.909,36;69.589,19;58.652,71;21%;6%;Não
Poxoréu;MT;72.393,90;67.897,09;63.663,34;12%;6%;Não
Campos Lindos;TO;72.022,21;70.123,09;65.819,28;9%;3%;Não
Piracanjuba;GO;71.735,10;62.718,40;23.759,33;67%;13%;Não
Bom Jesus de Goiás;GO;71.123,56;57.908,67;58.191,30;18%;19%;Não
General Carneiro;MT;69.408,17;65.821,52;65.012,40;6%;5%;Reverte
Coromandel;MG;68.974,72;58.979,58;49.339,35;28%;14%;Não
Porto Nacional;TO;68.382,27;65.643,72;43.856,98;36%;4%;Reverte
Tangará da Serra;MT;68.041,58;64.110,04;63.892,78;6%;6%;Não
Jaciara;MT;66.099,09;60.538,69;54.293,67;18%;8%;Reverte
Bonito;MS;65.822,21;58.590,85;38.693,88;41%;11%;Não
Santa Helena de Goiás;GO;65.205,79;41.427,18;44.821,11;31%;36%;Não
Itumbiara;GO;64.523,32;44.572,87;38.175,87;41%;31%;Não
Ibiá;MG;64.049,44;54.749,14;31.924,22;50%;15%;Não
Niquelândia;GO;63.613,07;60.592,27;47.333,44;26%;5%;Não
Sebastião Leal;PI;63.481,35;39.878,10;23.183,63;63%;37%;Não
Guiratinga;MT;62.710,41;59.852,90;57.319,73;9%;5%;Não
Loreto;MA;61.854,91;47.314,35;35.193,17;43%;24%;Não
Pedra Preta;MT;61.744,63;59.037,25;57.925,62;6%;4%;Reverte
Perolândia;GO;61.652,95;56.591,37;54.956,36;11%;8%;Não
Alto Taquari;MT;61.192,51;56.617,19;50.472,42;18%;7%;Não
Uberaba;MG;60.852,20;45.656,35;37.375,80;39%;25%;Não
Nova Xavantina;MT;60.798,72;56.063,71;54.261,03;11%;8%;Não
Sonora;MS;60.734,03;55.716,68;57.159,36;6%;8%;Não
Currais;PI;60.508,39;50.569,65;39.556,50;35%;16%;Não
Gilbués;PI;55.855,12;48.485,51;42.645,39;24%;13%;Não
Padre Bernardo;GO;55.652,18;46.951,34;38.169,93;31%;16%;Não
Sambaíba;MA;54.693,31;49.261,02;40.092,14;27%;10%;Não
Acreúna;GO;54.407,95;27.706,65;40.074,32;26%;49%;Não
Itapeva;SP;54.208,52;52.255,32;47.778,88;12%;4%;Não
Tapurah;MT;52.989,72;52.006,00;50.016,17;6%;2%;Não
Caseara;TO;52.851,27;41.684,87;18.340,19;65%;21%;Reverte
Nova Alvorada do Sul;MS;50.641,45;46.799,35;27.989,08;45%;8%;Reverte
Palmeiras de Goiás;GO;50.220,96;41.118,33;34.464,32;31%;18%;Não
Peixe;TO;49.621,30;47.838,79;26.623,66;46%;4%;Não
Nobres;MT;49.241,63;41.238,56;37.212,91;24%;16%;Não
Edéia;GO;49.026,03;24.998,39;39.146,23;20%;49%;Não
Barra do Garças;MT;48.692,64;39.050,37;37.961,82;22%;20%;Reverte
Morrinhos;GO;48.556,92;39.111,45;28.109,99;42%;19%;Não
Serranópolis;GO;48.492,13;39.256,33;38.158,92;21%;19%;Não
Antônio João;MS;46.967,71;40.343,60;28.332,71;40%;14%;Reverte
Turvelândia;GO;46.298,49;19.130,51;35.064,86;24%;59%;Não
Orizona;GO;45.756,89;43.481,02;16.960,05;63%;5%;Não
São João d'Aliança;GO;45.328,22;44.044,63;33.988,49;25%;3%;Não
Água Fria de Goiás;GO;45.172,73;43.621,51;36.871,62;18%;3%;Não
Monte Alegre de Minas;MG;44.922,83;33.425,95;25.032,59;44%;26%;Não
Dom Aquino;MT;44.644,48;43.137,59;42.022,74;6%;3%;Não
Vianópolis;GO;44.551,54;42.976,15;19.752,19;56%;4%;Não
Quirinópolis;GO;43.278,57;31.599,41;24.253,57;44%;27%;Não
Monte do Carmo;TO;42.849,70;41.625,63;25.637,22;40%;3%;Não
Bela Vista;MS;42.532,87;34.009,44;17.488,39;59%;20%;Não
Amambai;MS;42.319,79;34.921,74;30.024,41;29%;17%;Não
Marianópolis do Tocantins;TO;42.028,49;19.757,93;8.524,69;80%;53%;Não
Chapada dos Guimarães;MT;41.513,59;35.492,07;35.664,90;14%;15%;Não
Formoso;MG;40.940,04;33.216,58;20.472,36;50%;19%;Não
Pontalina;GO;40.344,38;22.743,07;36.537,84;9%;44%;Não
Araguari;MG;40.197,56;34.299,96;26.618,39;34%;15%;Não
Alto Araguaia;MT;40.028,23;37.982,28;29.498,80;26%;5%;Não
Perdizes;MG;39.573,54;31.964,56;20.088,99;49%;19%;Não
Araguacema;TO;39.503,59;19.777,32;5.877,82;85%;50%;Não
Cabeceiras;GO;39.411,72;39.017,92;31.811,50;19%;1%;Não
Campinápolis;MT;38.810,02;29.998,79;19.998,87;48%;23%;Não
Tupaciguara;MG;38.618,57;30.577,41;22.700,40;41%;21%;Não
Mirador;MA;37.985,79;15.603,78;3.773,32;90%;59%;Não
Tesouro;MT;36.932,91;33.854,92;32.752,74;11%;8%;Não
Sacramento;MG;35.461,96;26.437,86;14.998,18;58%;25%;Não
Santa Rosa do Tocantins;TO;34.663,95;33.886,49;20.614,12;41%;2%;Não
Montes Claros de Goiás;GO;34.406,25;29.508,74;23.723,76;31%;14%;Reverte
Juscimeira;MT;34.353,64;30.295,94;30.050,52;13%;12%;Não
Santa Maria das Barreiras;PA;34.342,34;13.851,67;4.572,02;87%;60%;Não
Patos de Minas;MG;34.293,43;28.421,75;20.022,25;42%;17%;Não
Bonfinópolis de Minas;MG;34.159,38;31.354,09;28.176,34;18%;8%;Não
Rosário Oeste;MT;33.789,74;29.660,82;22.699,04;33%;12%;Não
Vicentinópolis;GO;33.528,64;19.187,02;26.797,27;20%;43%;Não
Itaí;SP;33.324,14;31.362,56;24.463,91;27%;6%;Não
Baianópolis;BA;33.309,53;13.949,09;7.369,41;78%;58%;Reverte
Planaltina;GO;32.943,21;31.082,95;25.567,17;22%;6%;Não
Caldas Novas;GO;32.908,72;29.887,73;13.016,33;60%;9%;Não
Terenos;MS;32.483,26;31.718,36;13.370,09;59%;2%;Não
Cocos;BA;32.454,81;13.168,61;5.159,01;84%;59%;Não
São Raimundo das Mangabeiras;MA;32.249,34;24.478,72;22.017,05;32%;24%;Não
Pium;TO;32.246,71;16.559,72;7.884,31;76%;49%;Reverte
São Domingos do Azeitão;MA;31.584,30;27.567,52;17.200,01;46%;13%;Não
Formosa;GO;31.413,91;25.070,78;18.781,63;40%;20%;Não
Carolina;MA;31.191,09;26.294,45;23.505,24;25%;16%;Não
Patrocínio;MG;31.016,41;27.497,47;24.879,04;20%;11%;Não
Gameleira de Goiás;GO;30.505,41;28.194,65;17.380,83;43%;8%;Não
Nova Maringá;MT;30.222,09;25.480,75;24.108,21;20%;16%;Não
Monte Alegre do Piauí;PI;30.040,20;24.755,02;21.765,21;28%;18%;Não
Camapuã;MS;29.939,07;27.231,59;16.234,22;46%;9%;Não
Itaberá;SP;29.582,98;28.890,08;26.917,79;9%;2%;Não
Porteirão;GO;29.481,07;12.143,59;18.556,96;37%;59%;Não
Aparecida do Rio Negro;TO;29.410,53;28.838,54;18.722,10;36%;2%;Não
Chapada Gaúcha;MG;29.317,29;14.913,42;6.793,33;77%;49%;Não
Doverlândia;GO;29.142,22;27.429,37;14.940,40;49%;6%;Não
Ipiranga do Norte;MT;28.695,72;28.506,51;28.345,86;1%;1%;Não
Planalto da Serra;MT;28.494,24;21.725,36;18.104,42;36%;24%;Não
Comodoro;MT;28.471,05;23.082,90;14.379,62;49%;19%;Não
Itaberaí;GO;28.266,16;24.949,97;14.980,64;47%;12%;Reverte
Indiara;GO;28.160,07;13.907,88;20.396,08;28%;51%;Não
Alvorada;TO;27.848,01;26.602,12;20.693,23;26%;4%;Não
Caarapó;MS;27.533,13;22.354,73;17.479,04;37%;19%;Não
Presidente Olegário;MG;27.511,70;22.490,84;18.678,94;32%;18%;Não
Jaraguari;MS;26.963,67;25.155,15;8.970,32;67%;7%;Não
Nova Ponte;MG;26.902,68;22.257,50;19.323,90;28%;17%;Não
Edealina;GO;26.020,88;15.663,11;22.592,94;13%;40%;Reverte
Jaguariaíva;PR;25.914,98;25.355,46;24.016,63;7%;2%;Não
Figueirópolis;TO;25.747,40;24.979,39;16.845,77;35%;3%;Não
Vila Propício;GO;25.691,19;23.076,27;18.334,73;29%;10%;Não
Santa Cruz de Goiás;GO;25.222,57;23.780,95;7.032,61;72%;6%;Não
Indianópolis;MG;25.203,67;21.946,13;16.797,35;33%;13%;Não
Palmeira do Piauí;PI;25.200,55;19.341,92;19.577,21;22%;23%;Não
Bela Vista de Goiás;GO;25.193,34;20.973,13;9.255,98;63%;17%;Não
Vilhena;RO;24.760,38;23.024,83;23.726,69;4%;7%;Não
Portelândia;GO;24.724,62;24.126,43;22.382,69;9%;2%;Não
Guia Lopes da Laguna;MS;24.480,38;17.863,97;4.903,07;80%;27%;Não
Coronel Sapucaia;MS;24.339,50;18.004,17;12.770,14;48%;26%;Não
Buriti;MA;24.324,59;22.170,60;16.180,44;33%;9%;Não
Serra do Salitre;MG;23.961,58;19.937,10;18.823,32;21%;17%;Não
Cabeceira Grande;MG;23.839,41;22.572,48;19.019,93;20%;5%;Não
Campos Novos Paulista;SP;23.817,98;22.050,37;14.251,41;40%;7%;Não
Ribas do Rio Pardo;MS;23.478,74;21.083,03;7.274,72;69%;10%;Reverte
Joviânia;GO;23.454,38;17.017,24;21.149,18;10%;27%;Não
Pedro Afonso;TO;22.780,58;18.587,94;17.650,22;23%;18%;Não
Paranapanema;SP;22.744,63;21.649,07;19.912,45;12%;5%;Não
Uruaçu;GO;22.741,03;21.744,06;17.316,53;24%;4%;Não
Goiatins;TO;22.367,11;19.894,23;17.456,34;22%;11%;Não
Brejo;MA;22.082,23;18.895,81;18.764,28;15%;14%;Não
Brejinho de Nazaré;TO;21.998,05;20.174,63;14.135,86;36%;8%;Reverte
Nova Crixás;GO;21.462,31;18.705,63;8.577,69;60%;13%;Reverte
Jardim;MS;21.136,32;13.255,22;6.231,96;71%;37%;Não
Rio Verde de Mato Grosso;MS;20.843,55;19.581,40;13.946,95;33%;6%;Não
Dianópolis;TO;20.423,65;19.337,05;17.646,61;14%;5%;Não
Santa Juliana;MG;19.975,29;15.260,35;12.703,50;36%;24%;Não
São Félix de Balsas;MA;19.850,29;4.028,18;427,9;98%;80%;Não
Nioaque;MS;19.657,59;5.819,85;1.548,69;92%;70%;Não
Maurilândia;GO;19.633,42;10.147,62;12.051,81;39%;48%;Não
Grajaú;MA;19.489,82;16.974,08;19.837,43;-2%;13%;Não
Inaciolândia;GO;19.441,20;11.598,59;12.939,76;33%;40%;Não
Divinópolis do Tocantins;TO;19.348,26;8.316,49;2.446,08;87%;57%;Não
Ribeirãozinho;MT;19.317,96;18.879,83;14.196,75;27%;2%;Não
Corrente;PI;19.220,53;15.454,03;11.307,09;41%;20%;Não
Arapoti;PR;19.201,92;18.445,21;18.491,10;4%;4%;Não
Ribeirão Cascalheira;MT;19.013,70;15.524,86;10.068,70;47%;18%;Não
Prata;MG;18.903,80;13.593,78;6.979,22;63%;28%;Não
Piraí do Sul;PR;18.865,22;18.582,00;18.390,17;3%;2%;Não
Nova Nazaré;MT;18.794,97;18.009,82;10.254,79;45%;4%;Não
Piranhas;GO;18.682,25;17.040,23;6.892,51;63%;9%;Não
Fortaleza dos Nogueiras;MA;18.644,65;14.814,24;12.450,19;33%;21%;Não
Nova Andradina;MS;18.282,02;16.210,94;6.633,65;64%;11%;Reverte
Gaúcha do Norte;MT;18.095,36;13.815,03;16.557,39;8%;24%;Não
Abadiânia;GO;17.992,77;14.003,85;9.659,51;46%;22%;Não
Torixoréu;MT;17.896,90;17.152,37;12.509,43;30%;4%;Não
Silvanópolis;TO;17.802,40;17.487,42;12.722,01;29%;2%;Não
Tibagi;PR;17.780,47;17.328,22;16.706,64;6%;3%;Não
Pastos Bons;MA;17.759,33;11.496,78;5.821,21;67%;35%;Não
Alto Paraíso de Goiás;GO;17.577,24;16.511,30;12.567,78;28%;6%;Não
Sucupira;TO;17.147,59;16.650,62;11.260,23;34%;3%;Não
Buritizeiro;MG;16.954,20;11.763,53;6.144,18;64%;31%;Não
Cariri do Tocantins;TO;16.446,71;15.718,25;9.722,45;41%;4%;Não
Porto Alegre do Norte;MT;16.446,52;12.745,78;10.827,46;34%;23%;Não
Porangatu;GO;16.348,99;15.707,83;6.994,81;57%;4%;Não
Araguaçu;TO;16.308,85;15.554,38;4.985,10;69%;5%;Não
São Valério;TO;16.287,61;15.078,26;8.203,19;50%;7%;Reverte
Itararé;SP;16.083,21;15.650,64;14.562,97;9%;3%;Não
Itapetininga;SP;15.888,75;15.459,30;11.400,62;28%;3%;Não
Jussara;GO;15.876,57;13.498,01;12.698,53;20%;15%;Reverte
Talismã;TO;15.838,77;15.228,20;8.352,93;47%;4%;Não
Santo Antônio da Barra;GO;15.796,20;8.186,53;10.081,56;36%;48%;Não
Cocalzinho de Goiás;GO;15.395,09;13.267,01;10.844,41;30%;14%;Reverte
Vazante;MG;15.359,92;13.064,27;8.476,96;45%;15%;Não
São Félix do Araguaia;MT;15.140,61;9.370,94;6.621,08;56%;38%;Não
Mimoso de Goiás;GO;15.039,68;14.178,53;9.588,88;36%;6%;Não
Buri;SP;15.019,12;14.532,68;12.875,16;14%;3%;Não
Monte Carmelo;MG;15.014,64;12.607,44;12.704,47;15%;16%;Não
Abreulândia;TO;14.872,89;7.069,44;1.693,66;89%;52%;Não
Conceição do Araguaia;PA;14.615,88;3.012,42;276,69;98%;79%;Não
Platina;SP;14.613,54;12.335,81;8.916,25;39%;16%;Não
Palestina de Goiás;GO;14.192,27;10.384,85;10.669,53;25%;27%;Não
Jandaia;GO;14.164,70;6.963,15;8.370,27;41%;51%;Não
Rio Paranaíba;MG;14.104,49;10.195,55;8.011,36;43%;28%;Não
Palmas;TO;14.102,54;13.873,98;8.335,98;41%;2%;Não
São Miguel do Passa Quatro;GO;14.027,42;13.191,12;4.462,90;68%;6%;Não
Campinorte;GO;14.015,24;13.111,42;10.057,60;28%;6%;Não
Bonópolis;GO;13.741,18;12.741,79;6.821,78;50%;7%;Não
Pires do Rio;GO;13.531,23;12.648,45;4.408,34;67%;7%;Não
Frutal;MG;13.514,47;9.735,21;6.217,84;54%;28%;Não
Itapiratins;TO;13.466,93;12.059,02;11.344,21;16%;10%;Não
Guaraí;TO;13.440,24;9.244,58;13.436,53;0%;31%;Não
Couto Magalhães;TO;13.353,04;5.550,95;4.643,72;65%;58%;Não
Turvânia;GO;13.242,85;11.048,23;6.458,48;51%;17%;Não
Cuiabá;MT;13.165,20;11.882,78;12.326,95;6%;10%;Não
Paranhos;MS;13.163,64;9.535,10;4.672,37;65%;28%;Não
Coxim;MS;13.108,50;12.819,24;10.870,62;17%;2%;Não
Arinos;MG;13.069,43;10.788,00;5.985,09;54%;17%;Reverte
Miracema do Tocantins;TO;12.921,25;12.131,31;5.413,78;58%;6%;Não
Taquarivaí;SP;12.908,58;12.236,92;11.389,51;12%;5%;Não
Nova Brasilândia;MT;12.756,79;9.524,87;7.457,68;42%;25%;Não
Gurupi;TO;12.699,02;12.000,67;6.994,91;45%;5%;Reverte
Corumbá de Goiás;GO;12.575,68;10.231,21;6.519,86;48%;19%;Reverte
Goianorte;TO;12.490,43;6.432,76;2.423,09;81%;48%;Não
Panamá;GO;12.402,06;10.159,80;6.407,72;48%;18%;Não
Dois Irmãos do Tocantins;TO;12.335,03;5.137,19;354,24;97%;58%;Não
Bom Jesus do Tocantins;TO;12.327,24;10.737,34;6.297,53;49%;13%;Não
Sengés;PR;12.284,37;12.128,68;11.152,57;9%;1%;Não
Aporé;GO;12.241,80;8.335,49;6.575,00;46%;32%;Não
São João da Paraúna;GO;12.180,22;7.756,10;8.786,87;28%;36%;Não
Dois Irmãos do Buriti;MS;12.177,40;11.504,77;5.161,06;58%;6%;Não
Ituiutaba;MG;12.056,78;9.013,87;5.472,33;55%;25%;Não
Miranda;MS;12.050,94;10.903,16;6.144,86;49%;10%;Não
Anapurus;MA;11.928,86;11.216,97;8.305,88;30%;6%;Não
Cocalinho;MT;11.850,53;10.126,48;4.877,06;59%;15%;Reverte
Ventania;PR;11.821,89;11.735,47;11.623,14;2%;1%;Não
Parnarama;MA;11.673,41;6.138,73;1.357,05;88%;47%;Não
Leopoldo de Bulhões;GO;11.651,78;10.375,99;5.235,98;55%;11%;Não
Pedro Gomes;MS;11.585,14;10.735,00;8.917,42;23%;7%;Não
Alexânia;GO;11.563,42;10.425,38;6.489,07;44%;10%;Reverte
Angatuba;SP;11.535,55;11.134,94;9.526,14;17%;3%;Não
Tupirama;TO;11.518,02;8.368,91;9.541,92;17%;27%;Não
Benedito Leite;MA;11.487,13;4.769,40;801,91;93%;58%;Não
Chapada da Natividade;TO;11.291,11;10.895,46;6.259,24;45%;4%;Não
São Domingos;GO;11.185,89;11.746,29;11.676,24;-4%;-5%;Não
Romaria;MG;11.077,16;9.461,15;8.229,10;26%;15%;Não
Buriti Alegre;GO;11.024,85;10.476,53;7.908,28;28%;5%;Não
Santa Rita do Tocantins;TO;10.823,37;9.553,81;4.255,09;61%;12%;Não
Anápolis;GO;10.797,74;9.603,69;6.372,84;41%;11%;Não
São Pedro do Turvo;SP;10.720,19;9.947,60;4.239,21;60%;7%;Não
Araxá;MG;10.717,86;9.206,58;6.329,49;41%;14%;Não
Casa Branca;SP;10.702,85;9.380,10;8.838,60;17%;12%;Não
João Pinheiro;MG;10.587,30;8.023,34;4.351,74;59%;24%;Não
Delfinópolis;MG;10.558,86;9.319,50;3.932,80;63%;12%;Não
Barreiras do Piauí;PI;10.525,54;9.404,75;8.773,23;17%;11%;Não
Darcinópolis;TO;10.434,64;5.587,68;8.192,86;21%;46%;Não
Conceição das Alagoas;MG;10.407,36;8.018,86;6.337,77;39%;23%;Não
Sítio d'Abadia;GO;10.318,41;7.722,29;6.224,56;40%;25%;Não
Cachoeira Dourada;GO;10.294,34;6.285,45;7.364,35;28%;39%;Não
Assis;SP;10.249,82;7.666,76;3.630,29;65%;25%;Não
Campo Florido;MG;10.243,88;7.393,48;4.614,01;55%;28%;Não
Cassilândia;MS;10.202,86;8.356,63;7.076,45;31%;18%;Não
Caxias;MA;10.192,53;5.016,47;2.220,73;78%;51%;Não
Nova Marilândia;MT;10.090,92;9.381,85;9.614,89;5%;7%;Não
Novo Acordo;TO;9.912,14;7.267,90;2.636,26;73%;27%;Não
Bom Jardim de Goiás;GO;9.836,15;8.956,19;6.511,19;34%;9%;Não
Avaré;SP;9.826,60;8.679,41;4.095,12;58%;12%;Não
Itaporã;MS;9.812,77;9.195,86;3.778,58;61%;6%;Não
Rio dos Bois;TO;9.759,08;8.899,88;10.108,26;-4%;9%;Não
Pedrinópolis;MG;9.750,41;8.090,95;5.920,49;39%;17%;Não
Lagoa Formosa;MG;9.543,77;8.288,73;5.777,67;39%;13%;Não
Anastácio;MS;9.232,30;7.515,94;3.860,71;58%;19%;Não
Sucupira do Norte;MA;9.213,59;6.106,09;1.294,99;86%;34%;Não
Castelândia;GO;9.184,66;3.738,05;6.147,30;33%;59%;Não
Arenópolis;GO;9.154,07;8.633,03;6.954,57;24%;6%;Não
Flores de Goiás;GO;8.971,49;7.365,81;5.178,20;42%;18%;Não
Miranorte;TO;8.967,79;8.646,28;3.516,40;61%;4%;Não
Alcinópolis;MS;8.923,46;8.218,09;8.287,85;7%;8%;Não
Aruanã;GO;8.918,49;8.362,28;2.308,61;74%;6%;Reverte
Itacajá;TO;8.820,48;8.084,23;5.646,53;36%;8%;Não
Estrela do Sul;MG;8.796,90;7.659,35;6.188,41;30%;13%;Não
Taquarituba;SP;8.786,77;8.450,55;6.867,67;22%;4%;Não
Gouvelândia;GO;8.558,70;4.039,97;4.723,22;45%;53%;Não
Paraguaçu Paulista;SP;8.539,80;6.382,00;518,7;94%;25%;Não
Palminópolis;GO;8.490,98;6.980,98;5.159,69;39%;18%;Não
Landri Sales;PI;8.465,85;7.082,59;5.005,27;41%;16%;Não
Santa Rita do Novo Destino;GO;8.353,91;7.453,30;6.639,21;21%;11%;Não
Poconé;MT;8.342,22;8.109,85;2.114,93;75%;3%;Não
Corumbaíba;GO;8.333,35;7.954,75;4.267,56;49%;5%;Não
Coronel Macedo;SP;8.323,90;8.122,91;6.741,99;19%;2%;Não
Palmeirante;TO;8.222,19;6.115,25;9.131,95;-11%;26%;Não
Barra do Ouro;TO;8.113,56;5.976,71;6.962,17;14%;26%;Não
Almas;TO;8.072,44;7.781,82;4.581,66;43%;4%;Não
Echaporã;SP;8.036,69;5.448,36;3.974,31;51%;32%;Não
Santa Rita do Araguaia;GO;7.949,78;6.762,94;6.974,74;12%;15%;Reverte
Lizarda;TO;7.938,09;4.868,29;3.989,51;50%;39%;Não
Uruana de Minas;MG;7.932,05;6.610,56;6.041,50;24%;17%;Não
Anaurilândia;MS;7.928,93;7.746,84;2.852,05;64%;2%;Não
Antônio Almeida;PI;7.928,54;5.786,34;3.422,58;57%;27%;Não
Cezarina;GO;7.899,90;5.719,60;5.038,49;36%;28%;Não
Novo Planalto;GO;7.755,51;7.364,35;4.430,75;43%;5%;Não
Planura;MG;7.722,58;5.963,65;5.443,30;30%;23%;Não
Rio Negro;MS;7.693,16;7.626,33;5.781,95;25%;1%;Não
Hidrolândia;GO;7.691,51;3.656,50;3.358,18;56%;52%;Não
Milagres do Maranhão;MA;7.667,83;5.765,29;4.904,73;36%;25%;Não
Barretos;SP;7.604,89;5.150,14;4.566,17;40%;32%;Não
Cristalândia;TO;7.531,82;4.757,32;2.804,61;63%;37%;Não
Lagoa Grande;MG;7.518,48;6.318,19;5.522,90;27%;16%;Não
Nortelândia;MT;7.510,88;7.432,55;6.499,69;13%;1%;Não
Anicuns;GO;7.491,88;5.466,49;2.313,58;69%;27%;Não
Iaciara;GO;7.466,35;4.554,67;2.533,28;66%;39%;Não
Bataguassu;MS;7.271,01;6.975,91;3.621,82;50%;4%;Não
Fernando Falcão;MA;7.223,08;7.091,94;2.313,19;68%;2%;Não
Ribeirão do Sul;SP;7.209,15;7.073,43;5.808,26;19%;2%;Não
Firminópolis;GO;7.197,36;5.452,75;3.941,86;45%;24%;Não
Chapadinha;MA;7.096,33;6.476,21;4.214,27;41%;9%;Não
Canápolis;MG;7.072,07;5.284,10;2.028,12;71%;25%;Não
Guaíra;SP;7.054,53;6.026,69;6.512,06;8%;15%;Não
Riachinho;MG;6.981,66;6.079,49;4.799,51;31%;13%;Não
Rio da Conceição;TO;6.947,46;6.845,36;6.677,98;4%;1%;Não
Lagamar;MG;6.917,16;5.954,59;4.254,80;38%;14%;Não
Alto Boa Vista;MT;6.819,44;4.597,05;3.396,28;50%;33%;Não
Santa Maria do Tocantins;TO;6.819,25;6.056,99;2.389,77;65%;11%;Não
Aliança do Tocantins;TO;6.817,88;6.488,58;1.568,46;77%;5%;Não
Iraí de Minas;MG;6.725,72;5.934,23;3.864,41;43%;12%;Não
Trindade;GO;6.713,05;4.965,03;4.347,06;35%;26%;Não
Formiga;MG;6.689,38;5.877,04;1.301,42;81%;12%;Não
Baliza;GO;6.680,81;6.042,86;4.215,05;37%;10%;Não
Alvorada do Gurguéia;PI;6.641,06;3.811,99;3.671,41;45%;43%;Não
Serra Nova Dourada;MT;6.629,17;1.425,15;675,94;90%;79%;Não
Santana do Araguaia;PA;6.579,68;1.972,20;356;95%;70%;Não
Mata Roma;MA;6.510,51;6.397,10;5.373,15;17%;2%;Não
Nova Rosalândia;TO;6.433,25;6.379,47;2.655,64;59%;1%;Não
Jaraguá;GO;6.403,34;4.992,99;2.993,91;53%;22%;Não
Urutaí;GO;6.338,35;5.921,47;1.934,40;69%;7%;Não
Mundo Novo;GO;6.317,80;4.663,60;3.831,67;39%;26%;Não
Mairipotaba;GO;6.100,73;4.224,98;4.283,25;30%;31%;Não
Goiás;GO;6.081,83;5.308,07;3.992,33;34%;13%;Reverte
Pirassununga;SP;6.038,48;5.324,05;3.595,61;40%;12%;Não
Passos;MG;5.960,63;5.449,92;1.090,78;82%;9%;Não
Afonso Cunha;MA;5.924,10;5.742,98;1.411,61;76%;3%;Não
Botucatu;SP;5.849,18;5.012,97;2.635,57;55%;14%;Não
Guimarânia;MG;5.829,79;5.078,15;3.518,84;40%;13%;Não
Ipueiras;TO;5.753,60;4.901,51;4.561,49;21%;15%;Não
Abadia dos Dourados;MG;5.683,65;4.967,86;3.742,72;34%;13%;Não
Araguaiana;MT;5.678,10;4.007,82;3.020,21;47%;29%;Não
Posse;GO;5.670,30;5.204,31;5.594,50;1%;8%;Não
Querência;MT;5.665,72;3.686,41;3.876,39;32%;35%;Não
Rio Sono;TO;5.620,71;4.615,08;2.059,69;63%;18%;Não
Iguatemi;MS;5.588,85;2.903,79;1.625,17;71%;48%;Não
Medeiros;MG;5.551,73;4.505,28;1.322,07;76%;19%;Não
São Miguel do Araguaia;GO;5.500,98;3.111,21;5.758,18;-5%;43%;Reverte
Santa Quitéria do Maranhão;MA;5.488,60;5.104,65;2.669,87;51%;7%;Não
Redenção do Gurguéia;PI;5.484,70;4.576,01;4.026,04;27%;17%;Não
Brasilândia de Minas;MG;5.470,97;4.864,20;2.326,15;57%;11%;Não
Lagoa da Confusão;TO;5.444,57;6.468,90;5.353,18;2%;-19%;Não
Itarumã;GO;5.311,29;2.926,68;1.928,06;64%;45%;Não
Matrinchã;GO;5.311,09;4.790,15;3.307,23;38%;10%;Não
Santa Fé de Goiás;GO;5.162,32;3.993,50;2.804,12;46%;23%;Reverte
Campina do Monte Alegre;SP;5.100,26;4.986,08;4.330,59;15%;2%;Não
Martinópolis;SP;5.092,76;3.865,58;1.816,22;64%;24%;Não
Lagoa do Tocantins;TO;5.043,95;2.833,25;1.756,11;65%;44%;Não
Buriti Bravo;MA;5.041,71;2.705,92;346,25;93%;46%;Não
Tabocão;TO;4.932,30;4.023,70;5.639,03;-14%;18%;Não
Barro Alto;GO;4.910,86;4.472,25;3.679,98;25%;9%;Não
Mogi Guaçu;SP;4.888,07;4.220,41;2.999,75;39%;14%;Não
Bodoquena;MS;4.843,64;4.478,97;989,66;80%;8%;Não
Cristianópolis;GO;4.831,75;4.689,22;1.417,45;71%;3%;Não
Formoso do Araguaia;TO;4.790,35;4.666,13;4.141,39;14%;3%;Não
Rochedo;MS;4.788,59;4.761,90;1.290,22;73%;1%;Não
São José da Boa Vista;PR;4.774,47;4.682,50;4.591,99;4%;2%;Não
São Romão;MG;4.749,53;3.471,88;1.418,53;70%;27%;Não
Bambuí;MG;4.640,02;4.111,39;1.025,51;78%;11%;Não
Redenção;PA;4.530,12;1.724,64;948,05;79%;62%;Não
Cidade Ocidental;GO;4.515,61;3.531,11;2.034,55;55%;22%;Não
Amaralina;GO;4.511,03;4.021,27;3.665,47;19%;11%;Não
Rancharia;SP;4.508,01;3.513,68;640,67;86%;22%;Não
Santa Cruz do Rio Pardo;SP;4.485,50;3.985,32;1.761,27;61%;11%;Não
Pirenópolis;GO;4.411,75;3.934,26;2.322,64;47%;11%;Não
São João dos Patos;MA;4.402,59;2.182,54;111,36;97%;50%;Não
Capão Bonito;SP;4.394,02;4.183,19;3.884,77;12%;5%;Não
Amorinópolis;GO;4.362,45;3.874,54;2.460,79;44%;11%;Não
Itatinga;SP;4.346,86;4.080,40;2.094,27;52%;6%;Não
Carmo do Paranaíba;MG;4.346,77;3.451,81;2.221,51;49%;21%;Não
Cristalândia do Piauí;PI;4.303,12;2.205,24;1.212,18;72%;49%;Não
São Luiz do Norte;GO;4.297,57;4.149,67;2.533,28;41%;3%;Não
Goianésia;GO;4.263,27;3.501,11;2.750,34;35%;18%;Não
Pugmil;TO;4.170,62;4.096,77;1.624,19;61%;2%;Não
Monte Santo do Tocantins;TO;4.137,40;1.473,28;613,88;85%;64%;Não
Alto Paraguai;MT;4.099,21;3.568,62;4.073,19;1%;13%;Não
Alvorada do Norte;GO;4.080,60;3.345,91;2.755,99;32%;18%;Não
Vale de São Domingos;MT;4.070,37;3.715,54;4.149,09;-2%;9%;Não
Caçu;GO;4.068,42;2.190,73;2.832,18;30%;46%;Não
Iporá;GO;4.065,50;3.556,74;2.484,66;39%;13%;Não
Iepê;SP;4.043,87;3.489,12;1.075,49;73%;14%;Não
Cachoeira Alta;GO;4.007,24;1.496,66;1.514,00;62%;63%;Não
Hidrolina;GO;4.001,29;3.790,66;3.109,06;22%;5%;Não
Colinas;MA;4.000,81;2.922,59;289,65;93%;27%;Não
Cândido Mota;SP;3.979,67;3.754,03;3.220,52;19%;6%;Não
Crixás do Tocantins;TO;3.968,95;3.555,86;1.872,92;53%;10%;Não
Centenário;TO;3.949,66;3.719,15;2.398,54;39%;6%;Não
Ibirarema;SP;3.921,31;3.589,47;2.467,42;37%;8%;Não
Ivolândia;GO;3.919,94;2.687,60;2.867,55;27%;31%;Não
Água Clara;MS;3.899,39;3.020,70;1.813,39;53%;23%;Não
Conchal;SP;3.884,77;3.459,90;1.919,49;51%;11%;Não
Nazário;GO;3.870,35;2.999,66;1.372,93;65%;22%;Não
Tocantínia;TO;3.837,91;3.639,55;2.118,24;45%;5%;Não
Aguaí;SP;3.824,47;3.260,76;2.614,82;32%;15%;Não
Sítio Novo;MA;3.816,67;2.581,79;1.913,55;50%;32%;Não
Lutécia;SP;3.794,36;3.078,28;1.400,11;63%;19%;Não
Porto Murtinho;MS;3.782,47;2.304,62;1.373,32;64%;39%;Não
Guarani de Goiás;GO;3.722,95;3.021,67;2.201,05;41%;19%;Não
Aldeias Altas;MA;3.715,64;258,28;19,29;99%;93%;Não
Colômbia;SP;3.700,25;2.515,64;1.354,22;63%;32%;Não
Miguelópolis;SP;3.694,11;3.137,61;1.682,94;54%;15%;Não
São Bernardo;MA;3.694,01;3.372,41;3.285,60;11%;9%;Não
Santo Antônio do Descoberto;GO;3.690,02;2.790,68;1.651,67;55%;24%;Não
Maracaí;SP;3.689,24;3.045,06;431,99;88%;17%;Não
Iaras;SP;3.665,76;3.395,21;510,71;86%;7%;Não
Mossâmedes;GO;3.617,04;2.743,52;834,55;77%;24%;Não
Campina Verde;MG;3.611,00;2.713,90;603,07;83%;25%;Não
Britânia;GO;3.536,47;3.149,30;2.006,88;43%;11%;Não
Cerqueira César;SP;3.451,03;3.210,78;1.332,30;61%;7%;Não
Santa Tereza de Goiás;GO;3.375,53;3.345,03;1.151,68;66%;1%;Não
Varjão de Minas;MG;3.368,90;2.674,93;1.316,42;61%;21%;Não
Palmeirópolis;TO;3.368,22;3.245,36;2.068,46;39%;4%;Não
Regeneração;PI;3.361,69;3.198,01;2.107,72;37%;5%;Não
São Gonçalo do Gurguéia;PI;3.346,69;2.680,88;1.570,41;53%;20%;Não
Goiandira;GO;3.305,87;3.044,28;1.929,14;42%;8%;Não
São João Batista do Glória;MG;3.303,82;2.848,94;582,12;82%;14%;Não
Araraquara;SP;3.295,83;3.036,97;1.783,68;46%;8%;Não
Nova Glória;GO;3.282,58;2.640,74;1.790,11;45%;20%;Não
Morada Nova de Minas;MG;3.261,83;2.659,15;1.037,39;68%;18%;Não
Estreito;MA;3.232,50;565,46;1.865,91;42%;83%;Não
Caracol;MS;3.193,05;2.001,43;753,01;76%;37%;Não
São João do Soter;MA;3.175,31;1.525,11; -   ;100%;52%;Não
Capinópolis;MG;3.169,37;2.718,19;1.854,60;41%;14%;Não
Águas de Santa Bárbara;SP;3.152,32;2.970,72;906,45;71%;6%;Não
Brasilândia;MS;3.152,03;2.719,65;1.498,61;52%;14%;Não
Corumbá;MS;3.141,02;2.698,51;1.207,70;62%;14%;Não
Floresta do Araguaia;PA;3.138,78;2.509,70;1.117,48;64%;20%;Não
Nova Colinas;MA;3.125,92;1.937,03;1.671,35;47%;38%;Não
Vera;MT;3.106,24;3.018,07;3.067,85;1%;3%;Não
Pimenta;MG;3.058,99;2.891,80;485,47;84%;5%;Não
Batatais;SP;2.989,72;2.485,83;2.000,16;33%;17%;Não
Mozarlândia;GO;2.989,43;2.149,61;666,59;78%;28%;Reverte
Ouvidor;GO;2.947,04;2.692,18;1.737,50;41%;9%;Não
Inhumas;GO;2.918,30;2.114,44;1.060,09;64%;28%;Não
Centralina;MG;2.912,95;2.175,33;1.470,16;50%;25%;Não
Bebedouro;SP;2.911,58;1.785,43;883,17;70%;39%;Não
Cruzeiro da Fortaleza;MG;2.907,78;2.233,50;1.520,43;48%;23%;Não
Iguatama;MG;2.873,00;2.450,76;1.486,43;48%;15%;Não
Ocauçu;SP;2.832,57;2.445,11;1.025,12;64%;14%;Não
São Gonçalo do Abaeté;MG;2.828,18;1.361,43;1.856,85;34%;52%;Não
Cássia;MG;2.781,71;2.213,43;321,12;88%;20%;Não
São Pedro da Cipa;MT;2.781,71;2.454,85;973,77;65%;12%;Não
Figueirão;MS;2.770,70;2.201,34;1.746,36;37%;21%;Não
Magalhães de Almeida;MA;2.753,56;2.518,37;1.607,24;42%;9%;Não
Nova Iorque;MA;2.748,78;1.018,49;189,01;93%;63%;Não
Pratinha;MG;2.705,92;2.029,39;787,2;71%;25%;Não
Montividiu do Norte;GO;2.702,21;2.679,90;1.515,46;44%;1%;Não
Brotas;SP;2.697,83;2.424,74;1.037,10;62%;10%;Não
Cáceres;MT;2.617,65;2.604,79;2.068,46;21%;0%;Não
Nossa Senhora do Livramento;MT;2.616,67;1.832,49;1.082,99;59%;30%;Não
São José da Barra;MG;2.606,74;2.389,67;614,76;76%;8%;Não
Taciba;SP;2.606,54;2.085,21;305,24;88%;20%;Não
Pirajuba;MG;2.598,75;2.133,24;1.909,16;27%;18%;Não
Santa Isabel;GO;2.583,65;1.579,47;1.698,72;34%;39%;Não
Fortuna;MA;2.564,65;1.292,26;5,75;100%;50%;Não
Canabrava do Norte;MT;2.555,00;1.287,29;1.641,92;36%;50%;Não
Aloândia;GO;2.529,77;1.439,76;2.011,46;20%;43%;Não
Campos Altos;MG;2.511,74;1.775,98;1.318,37;48%;29%;Não
Tapira;MG;2.503,46;1.843,01;434,03;83%;26%;Não
Marzagão;GO;2.481,93;2.382,27;726,6;71%;4%;Não
Trombas;GO;2.455,14;2.237,20;1.252,41;49%;9%;Não
Dom Bosco;MG;2.438,87;2.074,20;1.002,42;59%;15%;Não
Itaguari;GO;2.436,73;1.942,09;741,32;70%;20%;Não
Davinópolis;GO;2.434,58;2.244,31;1.799,46;26%;8%;Não
Porto Alegre do Piauí;PI;2.354,40;138,54;220,38;91%;94%;Não
Martinho Campos;MG;2.352,55;1.725,22;269,58;89%;27%;Não
Campinaçu;GO;2.343,39;2.258,83;777,95;67%;4%;Não
Tabocas do Brejo Velho;BA;2.313,77;1.241,60;306,02;87%;46%;Não
Natividade;TO;2.302,96;2.042,54;970,07;58%;11%;Não
Feira Nova do Maranhão;MA;2.288,44;889,7;762,26;67%;61%;Não
Guapó;GO;2.254,25;1.568,95;846,93;62%;30%;Não
Piracuruca;PI;2.246,94;1.336,69;2.226,68;1%;41%;Não
Urbano Santos;MA;2.246,75;1.999,58;2.050,82;9%;11%;Não
Paranaiguara;GO;2.230,57;1.554,82;662,89;70%;30%;Não
São Francisco de Goiás;GO;2.229,21;1.872,14;1.184,22;47%;16%;Não
Governador Luiz Rocha;MA;2.217,13;1.263,62;1,56;100%;43%;Não
Oliveira de Fátima;TO;2.214,50;2.131,49;1.254,07;43%;4%;Não
Formosa da Serra Negra;MA;2.211,38;781,36;574,72;74%;65%;Não
Uruana;GO;2.177,28;1.586,98;1.021,42;53%;27%;Não
Colina;SP;2.175,53;1.505,92;1.318,47;39%;31%;Não
Boa Esperança do Sul;SP;2.172,12;1.758,15;566,44;74%;19%;Não
São Domingos do Maranhão;MA;2.150,98;382,79;2,73;100%;82%;Não
Diorama;GO;2.112,30;1.913,35;999,2;53%;9%;Não
Goianira;GO;2.082,19;1.922,22;818,28;61%;8%;Não
Nuporanga;SP;2.078,30;1.783,58;1.213,25;42%;14%;Não
Pontal do Araguaia;MT;2.070,50;1.787,77;697,08;66%;14%;Não
Santa Bárbara de Goiás;GO;2.053,94;1.902,73;602,87;71%;7%;Não
Luciara;MT;2.053,16;477,88;531,95;74%;77%;Não
Governador Eugênio Barros;MA;2.032,60;1.806,67;194,27;90%;11%;Não
Cumari;GO;2.022,18;1.779,00;1.314,67;35%;12%;Não
Januária;MG;2.019,74;379,18;15,39;99%;81%;Não
Porto Ferreira;SP;1.970,06;1.602,76;1.290,80;34%;19%;Não
Vargem Grande do Sul;SP;1.964,11;1.676,51;1.118,65;43%;15%;Não
São Gotardo;MG;1.962,16;1.513,03;937,73;52%;23%;Não
Guadalupe;PI;1.955,05;546,56;1.536,41;21%;72%;Não
Aparecida do Rio Doce;GO;1.948,62;839,52;594,2;70%;57%;Não
Agudos;SP;1.945,41;1.807,06;321,7;83%;7%;Não
Porto Alegre do Tocantins;TO;1.906,83;1.784,46;1.057,37;45%;6%;Não
Cavalcante;GO;1.906,83;1.900,88;346,45;82%;0%;Não
Santa Rita de Cássia;BA;1.892,99;575,01;76,87;96%;70%;Não
Mara Rosa;GO;1.889,58;1.411,22;1.711,39;9%;25%;Não
Varjão;GO;1.889,00;1.372,83;873,72;54%;27%;Não
Icém;SP;1.881,40;1.116,80;727,29;61%;41%;Não
São Carlos;SP;1.871,07;1.602,95;664,15;65%;14%;Não
Santa Rosa de Goiás;GO;1.870,39;1.572,95;1.249,59;33%;16%;Não
Lagoa do Mato;MA;1.869,71;1.125,56;129,48;93%;40%;Reverte
Tacuru;MS;1.853,05;1.245,59;530,19;71%;33%;Não
Piumhi;MG;1.831,32;1.663,07;314,3;83%;9%;Não
Passagem Franca;MA;1.829,37;532,34; -   ;100%;71%;Não
Goianápolis;GO;1.798,20;1.584,15;1.038,86;42%;12%;Não
Manoel Emídio;PI;1.788,65;1.047,82;1.517,80;15%;41%;Não
Pindorama do Tocantins;TO;1.786,41;1.451,65;282,83;84%;19%;Não
Babaçulândia;TO;1.785,33;1.479,03;1.100,82;38%;17%;Não
Santa Terezinha;MT;1.774,03;1.667,64;1.718,01;3%;6%;Não
Alpinópolis;MG;1.760,59;1.692,00;184,72;90%;4%;Não
Santo Antônio de Leverger;MT;1.750,94;1.386,28;1.478,05;16%;21%;Reverte
Jaboticabal;SP;1.743,54;1.116,21;621,29;64%;36%;Não
Grupiara;MG;1.723,96;1.547,42;1.058,15;39%;10%;Não
Natalândia;MG;1.721,23;1.454,38;1.181,39;31%;16%;Não
Cristais;MG;1.710,02;1.395,92;307,57;82%;18%;Não
Itapirapuã;GO;1.702,62;1.444,15;306,99;82%;15%;Não
Novo Santo Antônio;MT;1.699,41;1.048,11;435,5;74%;38%;Não
Barra do Bugres;MT;1.698,14;1.433,63;758,95;55%;16%;Não
Chapada de Areia;TO;1.691,32;312,25;24,55;99%;82%;Não
São Luís de Montes Belos;GO;1.679,63;929,45;430,82;74%;45%;Não
Jaupaci;GO;1.654,10;1.402,64;412,99;75%;15%;Não
Fátima;TO;1.619,32;1.571,39;981,37;39%;3%;Não
Cromínia;GO;1.615,62;1.064,09;790,03;51%;34%;Não
Goiânia;GO;1.571,29;1.054,93;619,53;61%;33%;Não
Heitoraí;GO;1.537,48;1.324,41;529,32;66%;14%;Não
Nantes;SP;1.524,53;1.305,51;1.182,46;22%;14%;Não
São Roque de Minas;MG;1.517,71;1.366,60;299,68;80%;10%;Não
Itapuranga;GO;1.513,42;1.167,75;619,83;59%;23%;Não
Tejupá;SP;1.509,81;1.473,08;595,18;61%;2%;Não
Mutunópolis;GO;1.509,03;1.431,19;691,43;54%;5%;Não
Guaraci;SP;1.488,19;746,09;507,69;66%;50%;Não
Ubirajara;SP;1.485,65;1.439,76;366,81;75%;3%;Não
Lençóis Paulista;SP;1.476,69;985,86;226,91;85%;33%;Não
Campo Limpo de Goiás;GO;1.473,38;1.113,58;657,92;55%;24%;Não
Araguapaz;GO;1.452,82;1.337,47;508,37;65%;8%;Não
Paraíso do Tocantins;TO;1.446,97;1.266,93;201,77;86%;12%;Não
Palmital;SP;1.430,70;1.041,78;937,53;34%;27%;Não
Lassance;MG;1.426,51;548,02;639,7;55%;62%;Não
Jangada;MT;1.423,20;1.408,88;18,9;99%;1%;Não
Santa Cruz das Palmeiras;SP;1.417,45;1.331,72;1.181,88;17%;6%;Não
Paulo de Faria;SP;1.410,34;725,92;777,95;45%;49%;Não
Espírito Santo do Turvo;SP;1.410,34;1.335,91;181,7;87%;5%;Não
Paranaíba;MS;1.398,75;606,48;533,51;62%;57%;Não
Estrela do Norte;GO;1.394,17;1.345,16;1.142,91;18%;4%;Não
Jaú do Tocantins;TO;1.390,37;1.309,12;640,28;54%;6%;Não
Avelinópolis;GO;1.368,55;941,62;250,68;82%;31%;Não
Itapaci;GO;1.353,64;1.261,28;1.018,69;25%;7%;Não
Pardinho;SP;1.347,79;1.312,43;1.017,23;25%;3%;Não
Nerópolis;GO;1.340,97;1.164,44;291,6;78%;13%;Não
Bom Despacho;MG;1.330,74;901,39;242,98;82%;32%;Não
Itaú de Minas;MG;1.321,49;1.249,00;38,68;97%;5%;Não
Várzea da Palma;MG;1.312,62;1.105,30;513,92;61%;16%;Reverte
Paraibano;MA;1.305,61;1.128,29;121,2;91%;14%;Não
Nova Roma;GO;1.286,81;1.088,93;599,76;53%;15%;Não
Rialma;GO;1.273,36;925,16;675,55;47%;27%;Não
Bertolínia;PI;1.272,68;554,26;717,54;44%;56%;Não
Dueré;TO;1.254,07;2.130,22;1.481,85;-18%;-70%;Não
Conquista D'Oeste;MT;1.250,76;982,15;1.096,53;12%;21%;Não
Luz;MG;1.228,93;1.134,82;84,27;93%;8%;Não
Pitangueiras;SP;1.222,60;436,18;692,02;43%;64%;Não
Professor Jamil;GO;1.214,42;843,32;206,45;83%;31%;Não
Altinópolis;SP;1.209,35;1.084,26;525,61;57%;10%;Não
São Benedito do Rio Preto;MA;1.200,10;1.194,45;591,38;51%;0%;Não
Sebastião Barros;PI;1.194,93;659,58;482,16;60%;45%;Não
Analândia;SP;1.192,50;1.121,77;330,76;72%;6%;Não
Selvíria;MS;1.175,25;1.092,44;808,54;31%;7%;Não
Orlândia;SP;1.167,26;834,07;391,95;66%;29%;Não
Vila Boa;GO;1.166,00;1.046,16;1.294,99;-11%;10%;Não
Guará;SP;1.158,79;1.042,66;276,3;76%;10%;Não
Pedregulho;SP;1.158,20;1.116,60;491,9;58%;4%;Não
Aurilândia;GO;1.155,77;699,42;435,88;62%;39%;Não
Sandolândia;TO;1.154,21;822,37;417,76;64%;29%;Não
Nova Lacerda;MT;1.143,88;987,12;869,33;24%;14%;Não
Uirapuru;GO;1.114,75;985,08;20,65;98%;12%;Não
Campestre de Goiás;GO;1.113,29;907,43;635,22;43%;18%;Não
Itapagipe;MG;1.092,44;782,72;367,49;66%;28%;Não
Ituverava;SP;1.086,30;861,93;461,02;58%;21%;Não
Presidente Bernardes;SP;1.084,65;914,83;600,15;45%;16%;Não
Tiros;MG;1.082,02;845,76;260,03;76%;22%;Não
Mogi Mirim;SP;1.072,95;870,5;996,67;7%;19%;Não
Buritizal;SP;1.066,43;739,95;446,99;58%;31%;Não
Terezópolis de Goiás;GO;1.063,50;914,15;540,62;49%;14%;Não
Veríssimo;MG;1.061,46;621,87;367,69;65%;41%;Não
Araçu;GO;1.057,76;811,17;615,34;42%;23%;Não
Mambaí;GO;1.046,94;864,95;1.057,17;-1%;17%;Não
Itauçu;GO;1.043,24;902,07;626,35;40%;14%;Não
Leme;SP;1.036,81;966,95;516,65;50%;7%;Não
Aragarças;GO;1.032,13;488,69;377,14;63%;53%;Não
Descalvado;SP;1.029,21;951,27;268,31;74%;8%;Não
Senador Canedo;GO;1.026,38;790,32;592,45;42%;23%;Não
Taquaral de Goiás;GO;1.020,93;751,64;817,11;20%;26%;Não
Três Marias;MG;1.018,69;974,07;717,64;30%;4%;Não
Caturaí;GO;1.015,28;681,98;365,15;64%;33%;Não
Ribeirão Preto;SP;1.015,18;969,88;394,77;61%;4%;Não
Três Ranchos;GO;1.013,33;845,17;410,55;59%;17%;Não
Guapé;MG;998,81;925,16;513,73;49%;7%;Não
Pompéu;MG;997,45;437,54;96,06;90%;56%;Não
Tuntum;MA;995,6;158,03;15,98;98%;84%;Não
Terra Roxa;SP;983,13;277,96;450,69;54%;72%;Não
Ipiranga de Goiás;GO;977,77;662,6;473,3;52%;32%;Não
Tarumã;SP;977,57;613,88;199,43;80%;37%;Não
Americano do Brasil;GO;976,5;756,9;200,41;79%;22%;Não
Petrolina de Goiás;GO;968,71;702,25;538,28;44%;28%;Não
Viradouro;SP;963,25;258,47;254,77;74%;73%;Não
Pains;MG;954,97;945,72;12,67;99%;1%;Não
Ponte Alta do Tocantins;TO;950,2;265,78;339,63;64%;72%;Não
Franca;SP;941,62;831,53;566,14;40%;12%;Não
Palmeiras do Tocantins;TO;930,61;399,93;411,63;56%;57%;Não
Santa Cruz da Conceição;SP;928,28;759,83;446,21;52%;18%;Não
Nova Europa;SP;927,89;904,31;26,5;97%;3%;Não
Matões;MA;914,34;110,77; -   ;100%;88%;Não
Israelândia;GO;913,66;837,48;162,12;82%;8%;Não
Curvelo;MG;911,52;397,99;58,94;94%;56%;Não
Cascalho Rico;MG;911,42;800,84;725,34;20%;12%;Não
Palestina;SP;911,13;824,62;357,07;61%;9%;Não
Ponte Alta do Bom Jesus;TO;872,65;194,56;715,79;18%;78%;Não
Pratânia;SP;869,04;770,74;202,94;77%;11%;Não
Arealva;SP;864,75;761;126,46;85%;12%;Não
Gavião Peixoto;SP;850,82;814,68;99,37;88%;4%;Não
Araguainha;MT;846,54;792,85;9,65;99%;6%;Não
Jeriquara;SP;843,71;798,89;464,33;45%;5%;Não
Itirapina;SP;838,45;821,89;196,7;77%;2%;Não
Wenceslau Braz;PR;836,4;829,97;719,3;14%;1%;Não
Pirapora;MG;813,22;731,28;147,21;82%;10%;Não
Minaçu;GO;808,44;792,95;483,72;40%;2%;Não
Pederneiras;SP;807,76;777,66;133,57;83%;4%;Não
Novo Gama;GO;803,08;493,95;247,46;69%;38%;Não
Urucuia;MG;800,45;693,28;194,85;76%;13%;Não
Senador Alexandre Costa;MA;794,12;695,92;132,21;83%;12%;Não
São Pedro dos Crentes;MA;793,73;381,13;402,08;49%;52%;Não
Papagaios;MG;792,17;489,66;62,16;92%;38%;Não
Conquista;MG;789,74;629,86;359,41;54%;20%;Não
Palmelo;GO;784,38;746,97;495,02;37%;5%;Não
Pequizeiro;TO;784,28;556,11;223,01;72%;29%;Não
Piracicaba;SP;749,6;645,45;248,83;67%;14%;Não
Campestre do Maranhão;MA;744,63;632,2;142,73;81%;15%;Não
São Francisco de Sales;MG;744,63;695,14;251,85;66%;7%;Não
Bonfinópolis;GO;742,68;617,1;414,94;44%;17%;Não
Nova Olinda;TO;738,59;209,76;813,22;-10%;72%;Não
Juarina;TO;732,26;111,36; -   ;100%;85%;Não
Orindiúva;SP;727,97;514,31;310,4;57%;29%;Não
Pratápolis;MG;727,09;629,18;24,94;97%;13%;Não
Capitão de Campos;PI;725,44;481,68;148,28;80%;34%;Não
Monte Alegre de Goiás;GO;724,95;522,98;118,47;84%;28%;Não
Santa Rita do Passa Quatro;SP;715,69;670,78;303,58;58%;6%;Não
Carmo do Rio Claro;MG;707,61;448,84;226,61;68%;37%;Não
Itajá;GO;700,49;513,63;235,48;66%;27%;Não
Dois Córregos;SP;693,28;685,3;86,32;88%;1%;Não
Moiporá;GO;687,83;335,83;123,05;82%;51%;Não
Tambaú;SP;673,8;621,29;678,67;-1%;8%;Não
Cristais Paulista;SP;668,83;603,65;788,96;-18%;10%;Não
Corguinho;MS;664,54;449,33;496,48;25%;32%;Não
Manduri;SP;654,61;472,91;164,75;75%;28%;Não
São Simão;SP;652,27;428,68;296,86;54%;34%;Não
Guatapará;SP;648,37;447,38;322,29;50%;31%;Não
Santa Rita do Pardo;MS;629,08;608,13;150,91;76%;3%;Não
Aramina;SP;625,48;472,71;349,86;44%;24%;Não
Fazenda Nova;GO;621,87;568,97;119,15;81%;9%;Não
Santana do Maranhão;MA;620,8;263,44;404,61;35%;58%;Não
Campos Belos;GO;620,02;443,09;643,99;-4%;29%;Não
Serra Azul;SP;615,73;350,25;328,42;47%;43%;Não
Sandovalina;SP;611,45;572,87;281,56;54%;6%;Não
Jatobá;MA;608,23;465,7;0,97;100%;23%;Não
Patrocínio Paulista;SP;603,65;485,67;111,36;82%;20%;Não
Caldazinha;GO;596,25;320,73;268,7;55%;46%;Não
Sete Quedas;MS;590,99;479,43;331,44;44%;19%;Não
Carmo do Rio Verde;GO;587,19;120,03;300,85;49%;80%;Não
Araras;SP;584,56;497,65;182,67;69%;15%;Não
João Ramalho;SP;582,71;339,53;136,4;77%;42%;Não
Santa Maria da Serra;SP;580,27;473;334,66;42%;18%;Não
Santa Vitória;MG;575,2;278,15;187,94;67%;52%;Não
Anhumas;SP;560,98;543,05;187,45;67%;3%;Não
Comendador Gomes;MG;560,59;430,04;234,21;58%;23%;Não
Fronteira;MG;559,03;427,31;213,27;62%;24%;Não
Rincão;SP;553,38;539,35;236,65;57%;3%;Não
Candeias;MG;551,53;474,08;62,35;89%;14%;Não
Taguatinga;TO;544,42;119,44;1.052,88;-93%;78%;Não
Corinto;MG;541,88;231,19;181,8;66%;57%;Não
Mococa;SP;540,13;448,26;413,67;23%;17%;Não
Barra do Corda;MA;538,67;203,72;1.739,25;-223%;62%;Não
Três Lagoas;MS;533,99;483,62;347,32;35%;9%;Não
Itaguaru;GO;517,14;277,47;249,61;52%;46%;Reverte
Nova Campina;SP;514,22;496,29;376,36;27%;3%;Não
Narandiba;SP;510,81;300,17;215,02;58%;41%;Não
Santo Antônio de Goiás;GO;509,44;376,45;226,22;56%;26%;Não
Lajeado Novo;MA;500,58;487,13;26,6;95%;3%;Não
Nova Aurora;GO;493,27;181,41;421,66;15%;63%;Não
Adelândia;GO;489,66;173,42;14,61;97%;65%;Não
Arandu;SP;482,94;422,63;247,46;49%;12%;Não
Abadia de Goiás;GO;478,75;204,4;430,23;10%;57%;Não
Marília;SP;477,58;138,25;291,21;39%;71%;Não
Aparecida do Taboado;MS;473,2;333,3;115,84;76%;30%;Não
Filadélfia;TO;456,54;65,08;325,5;29%;86%;Não
Guareí;SP;454,69;455,27;74,04;84%;0%;Não
Wanderlândia;TO;453,52;221,45;857,06;-89%;51%;Não
Riacho Frio;PI;452,45;72;287,7;36%;84%;Não
Felixlândia;MG;449,33;147,11;52,71;88%;67%;Não
Douradoquara;MG;449,04;340,99;142,83;68%;24%;Não
Arcos;MG;440,76;375,68;9,84;98%;15%;Não
Presidente Dutra;MA;439,29;5,07;1,66;100%;99%;Não
Santa Luz;PI;438,03;186,86;161,44;63%;57%;Não
Tapiraí;MG;429,26;381,91;7,99;98%;11%;Não
Parnaguá;PI;428,09;269,48;205,18;52%;37%;Não
Vargem Bonita;MG;426,14;419,03;28,94;93%;2%;Não
Sales Oliveira;SP;426,04;345,18;359,5;16%;19%;Não
Cabrália Paulista;SP;423,32;392,82;8,18;98%;7%;Não
Santa Fé de Minas;MG;423,12;329,98;1,27;100%;22%;Não
Porto Franco;MA;420,49;325,5;264,02;37%;23%;Não
Capetinga;MG;416,5;388,05; -   ;100%;7%;Não
Sanclerlândia;GO;415,62;147,11;25,04;94%;65%;Não
Brasilândia do Tocantins;TO;414,55;228,66;1.370,30;-231%;45%;Não
São Manuel;SP;407,63;360,28;87,59;79%;12%;Não
Presidente Kennedy;TO;398,47;283,12;770,54;-93%;29%;Não
Riolândia;SP;397,3;202,84;285,46;28%;49%;Não
Alto Horizonte;GO;392,43;335,73;312,54;20%;14%;Não
Brazabrantes;GO;386,29;319,95;453,42;-17%;17%;Não
Barrolândia;TO;386;211,9;68,1;82%;45%;Não
Mirante do Paranapanema;SP;384,93;159,58;331,54;14%;59%;Não
Rio Quente;GO;380,16;373,04;72,39;81%;2%;Não
Ibiraci;MG;379,86;351,71;258,18;32%;7%;Não
Tupiratins;TO;378,99;371,58;1.070,81;-183%;2%;Reverte
Cássia dos Coqueiros;SP;373,34;282,05;18,9;95%;24%;Não
Borebi;SP;367,98;285,56;76,48;79%;22%;Não
Águas Lindas de Goiás;GO;366,61;332,22;305,24;17%;9%;Não
Jatobá do Piauí;PI;363,01;181,31;256,33;29%;50%;Não
Quatá;SP;361,55;301,83;38,19;89%;17%;Não
Taiúva;SP;358,92;150,52;226,71;37%;58%;Não
Colinas do Tocantins;TO;356,97;157,93;139,22;61%;56%;Não
Nova Iguaçu de Goiás;GO;356,97;330,27;205,57;42%;7%;Não
Macatuba;SP;354,53;235,19;38,97;89%;34%;Não
Ribeirão Corrente;SP;350,83;343,62;257,89;26%;2%;Não
Paraopeba;MG;347,32;128,6;22,02;94%;63%;Não
Abaeté;MG;346,16;175,76;165,53;52%;49%;Não
Cachoeira de Goiás;GO;342,45;53;141,95;59%;85%;Não
Itaueira;PI;340,7;101,13;56,6;83%;70%;Não
Lucianópolis;SP;337,97;266,46;114,38;66%;21%;Não
Ceres;GO;334,66;218,43;171,76;49%;35%;Não
Batayporã;MS;332,13;326,57;140,49;58%;2%;Não
Arraias;TO;330,18;186,08;215,41;35%;44%;Não
Boa Hora;PI;326,67;308,45;427,12;-31%;6%;Não
Iacanga;SP;312,74;269,09;85,05;73%;14%;Não
Aragoiânia;GO;312,74;177,22;87,49;72%;43%;Não
Confresa;MT;310,11;306,89;72,87;77%;1%;Reverte
Ibitinga;SP;307,67;168,84;293,35;5%;45%;Não
Ibaté;SP;299,59;185,3;101,81;66%;38%;Não
São Bento do Tocantins;TO;287,7;280,1;248,92;13%;3%;Não
Altair;SP;285,36;226,03;333,1;-17%;21%;Não
Jerumenha;PI;284,97;9,06;150,43;47%;97%;Não
Campo Maior;PI;284,78;157,15;349,27;-23%;45%;Não
Baldim;MG;283,8;39,26;4,19;99%;86%;Não
Sucupira do Riachão;MA;281,07; -   ; -   ;100%;100%;Não
Monte Santo de Minas;MG;279,71;176,83;190,47;32%;37%;Não
Nova Granada;SP;276,3;222,13;154,23;44%;20%;Não
Estiva Gerbi;SP;273,87;230,61;62,55;77%;16%;Não
Dourado;SP;264,02;242,69;8,87;97%;8%;Não
Regente Feijó;SP;260,42;235,77;94,8;64%;9%;Não
Ribeirão Branco;SP;258,57;242,3;211,71;18%;6%;Não
Luís Antônio;SP;256,91;28,55;196,51;24%;89%;Não
Bariri;SP;256,33;162,21;22,21;91%;37%;Não
São João do Paraíso;MA;254,48;47,54;100,84;60%;81%;Não
São José da Bela Vista;SP;253,31;203,33;123,44;51%;20%;Não
Jesúpolis;GO;250,39;75,7;36,63;85%;70%;Não
Cardoso;SP;248,63;201,19;205,47;17%;19%;Não
Santo Antônio da Alegria;SP;248,14;197,39;95,96;61%;20%;Não
Conchas;SP;247,17;239,08;262,86;-6%;3%;Não
Santa Terezinha de Goiás;GO;245,9;192,03;358,63;-46%;22%;Não
Ribeirão Bonito;SP;244,83;182,19;26,11;89%;26%;Não
Anhembi;SP;240,45;183,94;236,06;2%;24%;Não
Araguaína;TO;234,8;66,44;633,66;-170%;72%;Não
Córrego Fundo;MG;225,44;208,98;36,53;84%;7%;Não
Jequitaí;MG;224,96;101,03;67,22;70%;55%;Não
São Joaquim da Barra;SP;224,76;170,4;57,68;74%;24%;Não
Engenheiro Coelho;SP;224,08;209,37;85,44;62%;7%;Não
Cravinhos;SP;223,2;208,98;0,19;100%;6%;Não
Brodowski;SP;223,11;145,75;76,87;66%;35%;Não
Rubiataba;GO;222,23;142,73;138,44;38%;36%;Não
Piraju;SP;219,99;208,59;21,73;90%;5%;Não
Cocal;PI;218,43;151,11;16,95;92%;31%;Não
Ouro Verde de Goiás;GO;216,29;128,12;130,06;40%;41%;Não
Matozinhos;MG;215,7;151,5;78,14;64%;30%;Não
Pirapozinho;SP;211,51;75,31; -   ;100%;64%;Não
Cajuru;SP;207,32;193,78;33,61;84%;7%;Não
Rianápolis;GO;203,62;132,21;185,6;9%;35%;Não
Santa Filomena do Maranhão;MA;200,7;2,83; -   ;100%;99%;Não
Dores do Indaiá;MG;199,63;10,72; -   ;100%;95%;Não
Santa Tereza do Tocantins;TO;197,39;65,08;368,37;-87%;67%;Não
Pontes Gestal;SP;197,29;83,59;236,94;-20%;58%;Não
Santa Lúcia;SP;196,7;175,66;15,2;92%;11%;Não
Ponte Branca;MT;194,85;174,39;35,07;82%;11%;Não
Estrela do Norte;SP;193,2;101,52;0,78;100%;47%;Não
Campos Gerais;MG;192,71;21,82; -   ;100%;89%;Não
Campo do Meio;MG;191,25;97,23;34,59;82%;49%;Não
Morro da Garça;MG;183,55;161,24;124,71;32%;12%;Não
Marajá do Sena;MA;183,36;46,47;41,02;78%;75%;Não
Paulistânia;SP;181,12;153,15;15;92%;15%;Não
Olímpia;SP;180,82;101,32;119,35;34%;44%;Não
Jaborandi;SP;179,75;56,8;87,88;51%;68%;Não
Recursolândia;TO;179,26;161,34;62,16;65%;10%;Não
Crixás;GO;173,32;113,7;39,85;77%;34%;Não
Formoso;GO;169,81;165,23;79,3;53%;3%;Não
Santa Cruz da Esperança;SP;169,03;138,15;142,44;16%;18%;Não
Inhaúma;MG;166,6;123,83;80,57;52%;26%;Não
Pedranópolis;SP;164,75;153,25;177,02;-7%;7%;Não
Catolândia;BA;163,87; -   ; -   ;100%;100%;Não
José de Freitas;PI;163,38;84,27;79,21;52%;48%;Não
Bocaina;SP;162,12;41,8;198,07;-22%;74%;Não
Novo Jardim;TO;161,53;91,09;118,76;26%;44%;Não
Castro;PR;161,24;152,08;75,8;53%;6%;Não
Biquinhas;MG;160,56;131,43;76,67;52%;18%;Não
Matão;SP;160,27;137,66;0,39;100%;14%;Não
Sigefredo Pacheco;PI;159,49;41,02;260,42;-63%;74%;Não
Pradópolis;SP;158,8;108,73;92,46;42%;32%;Não
Motuca;SP;158,32;160,46;151,6;4%;-1%;Não
Boa Esperança;MG;157,15;107,17;30,4;81%;32%;Não
Cosmorama;SP;155,88;130,55;134,74;14%;16%;Não
Ibiaí;MG;151,4;93,53;1,36;99%;38%;Não
Araguatins;TO;150,82;134,35;36,63;76%;11%;Não
Américo Brasiliense;SP;146,53;124,12;114,96;22%;15%;Não
São José do Povo;MT;146,04;97,72;16,17;89%;33%;Não
Marcos Parente;PI;145,46;2,24;14,03;90%;98%;Não
Taquaral;SP;142,53;37,8;116,81;18%;73%;Não
Canavieira;PI;136,98;13,54;41,11;70%;90%;Não
Areiópolis;SP;136,88;127,92;7,4;95%;7%;Não
Inocência;MS;133,57;121,69;38,78;71%;9%;Não
Itaporanga;SP;133,57;130,26;65,47;51%;2%;Não
Água Comprida;MG;130,84;82,13; -   ;100%;37%;Não
Paineiras;MG;129,97;74,14; -   ;100%;43%;Não
Augusto de Lima;MG;127,92; -   ; -   ;100%;100%;Não
Colinas do Sul;GO;126,95;10,91;11,79;91%;91%;Não
Tarabai;SP;123,24;71,8;154,71;-26%;42%;Não
Trabiju;SP;123,05;61,77; -   ;100%;50%;Não
São Pedro;SP;122,85;90,51;45,3;63%;26%;Não
Ilicínea;MG;117,11;115,74;5,36;95%;1%;Não
Floriano;PI;114,48;19,97;19,39;83%;83%;Não
Sarapuí;SP;113,7;76,77;131,53;-16%;32%;Não
Taipas do Tocantins;TO;112,62;64,98;100,84;10%;42%;Não
Estrela do Indaiá;MG;112,33;86,81; -   ;100%;23%;Não
Santa Rosa de Viterbo;SP;112,14;50,37;10,13;91%;55%;Não
Timon;MA;111,46;2,05;2,24;98%;98%;Não
Jenipapo dos Vieiras;MA;110,38;11,69;774,25;-601%;89%;Não
Rifaina;SP;109,99;103,17;4,29;96%;6%;Não
Matutina;MG;109,99;94,02;23,58;79%;15%;Não
Amarante do Maranhão;MA;108,73;102,1;295,98;-172%;6%;Não
Cotegipe;BA;108,73; -   ;127,73;-17%;100%;Não
São Tomás de Aquino;MG;108,53;105,42; -   ;100%;3%;Não
Governador Edison Lobão;MA;104,05;103,37;26,01;75%;1%;Não
Lago da Pedra;MA;102,88;99,37; -   ;100%;3%;Não
Barras;PI;102,59;1,56;102,2;0%;98%;Não
Acorizal;MT;101,81;75,21;12,96;87%;26%;Não
Imperatriz;MA;100,45;87;65,96;34%;13%;Não
São Miguel do Tocantins;TO;100,35;95,77;112,04;-12%;5%;Não
Caraúbas do Piauí;PI;98,11;14,22;139,22;-42%;86%;Não
Bofete;SP;95,96;95,67;50,56;47%;0%;Não
Brejolândia;BA;95,48; -   ; -   ;100%;100%;Não
Monte Azul Paulista;SP;94,5;89,05;18,22;81%;6%;Não
Buriti de Goiás;GO;94,11;50,08;8,48;91%;47%;Não
Jardinópolis;SP;93,33;25,72;27,67;70%;72%;Não
Coelho Neto;MA;92,75; -   ;26,21;72%;100%;Não
Luzinópolis;TO;91,48;90,61;2,44;97%;1%;Não
Itaju;SP;91,19;71,8;38,87;57%;21%;Não
Conceição do Tocantins;TO;90,8;58,55;90,51;0%;36%;Não
Pitangui;MG;90,31;38,58;1,17;99%;57%;Não
Presidente Juscelino;MG;90,22;35,07; -   ;100%;61%;Não
Engenheiro Navarro;MG;88,07;45,01;15,2;83%;49%;Não
Ribamar Fiquene;MA;87,39;82,42;130,06;-49%;6%;Não
Torrinha;SP;86,61;84,76;27,57;68%;2%;Não
Barão de Melgaço;MT;86,51;86,03;43,55;50%;1%;Não
União de Minas;MG;83,79;55,63;19,58;77%;34%;Não
Santa Terezinha do Tocantins;TO;83,4;54,46;19,58;77%;35%;Não
Datas;MG;83,2; -   ;12,76;85%;100%;Não
Aguiarnópolis;TO;80,38;14,32;45,11;44%;82%;Não
Araporã;MG;78,14;26,4;62,94;19%;66%;Não
Aquidauana;MS;75,21;56,21;92,17;-23%;25%;Não
São Patrício;GO;74,63;14,03;23,09;69%;81%;Não
Mineiros do Tietê;SP;74,24;64,2;13,15;82%;14%;Não
Colméia;TO;73,17;37,12;6,62;91%;49%;Não
Teresina;PI;73,17;51,93;32,74;55%;29%;Não
Araioses;MA;73,07;34;411,63;-463%;53%;Não
Damolândia;GO;72,58;41,99;22,8;69%;42%;Não
Lagoa da Prata;MG;72;26,01; -   ;100%;64%;Não
Capitólio;MG;71,61;49,69;10,62;85%;31%;Não
Eliseu Martins;PI;70,93;6,33;15,78;78%;91%;Não
Davinópolis;MA;69,95;49,88;20,85;70%;29%;Não
Gália;SP;67,42;38,29;93,14;-38%;43%;Não
Serrana;SP;67,32;39,94;35,56;47%;41%;Não
Bandeirantes do Tocantins;TO;66,35;22,51;53,58;19%;66%;Não
Anhanguera;GO;65,18;9,06;8,28;87%;86%;Não
Montes Altos;MA;63,81;61,09;6,04;91%;4%;Não
Cristino Castro;PI;63,62;8,96;31,76;50%;86%;Não
Reserva do Cabaçal;MT;62,65;59,92;4,09;93%;4%;Não
Itaguatins;TO;61,77;56,31;35,76;42%;9%;Não
Lupércio;SP;60,7;44,43;23,87;61%;27%;Não
Teresina de Goiás;GO;60,5;46,18;1,27;98%;24%;Não
Murici dos Portelas;PI;60,5;39,36;68,1;-13%;35%;Não
Campos Verdes;GO;60,31;59,62; -   ;100%;1%;Não
Aparecida de Goiânia;GO;60,01; -   ;18,61;69%;100%;Não
Sete Lagoas;MG;59,72;6,62;15,39;74%;89%;Não
Nova Veneza;GO;58,75;34,59;24,36;59%;41%;Não
Paranã;TO;56,41;48,03;11,59;79%;15%;Não
Luzilândia;PI;56,31;50,56;36,34;35%;10%;Não
Várzea Grande;MT;55,24;31,18;13,25;76%;44%;Não
Buritirana;MA;53,88;48,71;105,61;-96%;10%;Não
Morro Agudo;SP;52,8;36,92;11,89;77%;30%;Não
Aurora do Tocantins;TO;52,42;26,4;47,93;9%;50%;Não
Ipeúna;SP;52,32;47,25;21,43;59%;10%;Não
Ananás;TO;51,93;51,05;5,85;89%;2%;Não
Francisco Dumont;MG;51,54; -   ; -   ;100%;100%;Não
Angico;TO;50,76;23,97;34,39;32%;53%;Não
Cocal de Telha;PI;48,42;43,16;23,87;51%;11%;Não
Córrego do Ouro;GO;45,99;24,55;10,13;78%;47%;Não
Joaquim Pires;PI;45,4;26,89;31,66;30%;41%;Não
Novo Alegre;TO;44,91;9,84;1,95;96%;78%;Não
Pilar de Goiás;GO;43,06;31,57;28,84;33%;27%;Não
Codó;MA;42,87;13,35;10,03;77%;69%;Reverte
Lavandeira;TO;42,58;22,02;50,76;-19%;48%;Não
Santana de Pirapama;MG;41,99;4,68;14,52;65%;89%;Não
Combinado;TO;41,89;13,44;42,38;-1%;68%;Não
Bauru;SP;41,02;41,41;1,85;95%;-1%;Não
Limeira do Oeste;MG;40,43;5,46;10,81;73%;87%;Não
Alvinlândia;SP;38,48;20,17;16,08;58%;48%;Não
Aguanil;MG;37,9;32,44; -   ;100%;14%;Não
Jequitibá;MG;37,41;9,74;4,97;87%;74%;Não
João Lisboa;MA;37,31;36,63;13,25;64%;2%;Não
Quartel Geral;MG;35,37;35,27; -   ;100%;0%;Não
Miguel Alves;PI;34,98;28,64;11,89;66%;18%;Não
Piripiri;PI;34,49;12,57;152,18;-341%;64%;Não
Angical;BA;34;19; -   ;100%;44%;Não
Restinga;SP;32,35;27,28;88,85;-175%;16%;Não
Tocantinópolis;TO;30,69;28,64;137,66;-349%;7%;Não
Fernão;SP;30,3;14,81; -   ;100%;51%;Não
Américo de Campos;SP;30,01;27,08;60,4;-101%;10%;Não
Lagoa Santa;GO;28,45;2,05;17,93;37%;93%;Não
Coqueiral;MG;28,25;16,17; -   ;100%;43%;Não
Guariba;SP;26,99;26,89; -   ;100%;0%;Não
Caxingó;PI;26,79;23,77;53,58;-100%;11%;Não
Barreirinhas;MA;24,94;22,99;37,12;-49%;8%;Não
Damianópolis;GO;24,16;22,41;24,06;0%;7%;Não
Morros;MA;24,16;24,26;52,8;-119%;0%;Não
Guaraíta;GO;23,77; -   ;8,96;62%;100%;Não
Inimutaba;MG;23,67; -   ; -   ;100%;100%;Não
Pequi;MG;23,67; -   ; -   ;100%;100%;Não
Oscar Bressane;SP;23,19;13,83; -   ;100%;40%;Não
Duartina;SP;22,21;5,94;3,7;83%;73%;Não
Pau D'Arco;PA;22,12;5,85;8,96;59%;74%;Não
Santo Antônio do Monte;MG;22,02;15,98;1,27;94%;27%;Não
Barão de Grajaú;MA;22,02;4,97;12,76;42%;77%;Não
Gurinhatã;MG;21,82;18,8;1,66;92%;14%;Não
Arapuá;MG;21,24;18,22; -   ;100%;14%;Não
Salto do Céu;MT;20,85;20,46; -   ;100%;2%;Não
Moema;MG;20,75;11,01;3,7;82%;47%;Não
Gonçalves Dias;MA;20,65;8,57;2,05;90%;58%;Não
Sítio Novo do Tocantins;TO;20,36;20,36;1,75;91%;0%;Não
Joca Marques;PI;20,36;10,81;38,87;-91%;47%;Não
São Mateus do Maranhão;MA;20,17; -   ;9,26;54%;100%;Não
Humberto de Campos;MA;19,58;19,29;66,54;-240%;1%;Não
Faina;GO;19,49;11,98;18,9;3%;39%;Não
Buriti dos Lopes;PI;19,1;6,24;82,42;-332%;67%;Não
Pau D'Arco;TO;18,61;17,63;2,05;89%;5%;Não
Cláudio;MG;18,41;8,48; -   ;100%;54%;Não
Macedônia;SP;18,41;18,12; -   ;100%;2%;Não
Juramento;MG;18,32;6,43; -   ;100%;65%;Não
São Félix do Tocantins;TO;18,12;16,66;9,65;47%;8%;Não
Morro Agudo de Goiás;GO;16,85;7,11;5,46;68%;58%;Não
Caetanópolis;MG;16,66; -   ; -   ;100%;100%;Não
Joaquim Felício;MG;15,78;2,05;21,63;-37%;87%;Não
Piratininga;SP;15,59;14,91;0,19;99%;4%;Não
Japaraíba;MG;14,71;15,3; -   ;100%;-4%;Não
Cachoeirinha;TO;14,61;15,1; -   ;100%;-3%;Não
Santo Hipólito;MG;14,52; -   ;3,12;79%;100%;Não
Igarapava;SP;13,35;13,35;4,58;66%;0%;Não
Nazaré;TO;13,35;11,98;20,56;-54%;10%;Não
Carbonita;MG;12,86; -   ; -   ;100%;100%;Não
Senador La Rocque;MA;12,67;12,76;5,75;55%;-1%;Não
Araçaí;MG;12,28;8,57; -   ;100%;30%;Não
Madeiro;PI;12,28;5,55;8,48;31%;55%;Não
Flores do Piauí;PI;12,08;0,97;12,18;-1%;92%;Não
Valparaíso de Goiás;GO;11,89; -   ; -   ;100%;100%;Não
Campo Belo;MG;11,4;9,84; -   ;100%;14%;Não
Telêmaco Borba;PR;11,4;11,4;11,4;0%;0%;Não
Itapecerica;MG;11,01;7,7; -   ;100%;30%;Não
Alambari;SP;10,72;10,03;0,49;95%;6%;Não
São José do Peixe;PI;10,33; -   ;0,39;96%;100%;Não
Borá;SP;10,23;9,65; -   ;100%;6%;Não
Cidelândia;MA;10,23;8,67; -   ;100%;15%;Não
Itaipava do Grajaú;MA;10,13;6,04;201,77;-1891%;40%;Não
Itamogi;MG;9,84;9,55; -   ;100%;3%;Não
Água Doce do Maranhão;MA;9,84;8,57;6,53;34%;13%;Não
Itirapuã;SP;8,96;8,87;2,53;72%;1%;Não
Praia Norte;TO;8,96;7,7;7,31;18%;14%;Não
Capinzal do Norte;MA;8,67;8,67; -   ;100%;0%;Não
Cordisburgo;MG;8,48; -   ;3,41;60%;100%;Não
Colônia do Gurguéia;PI;8,38; -   ; -   ;100%;100%;Não
Esperantina;PI;8,38;5,75;7,11;15%;31%;Não
Augustinópolis;TO;8,09;8,09;21,53;-166%;0%;Não
Charqueada;SP;7,99;6,62;4,77;40%;17%;Não
Gouveia;MG;7,7;7,79;3,12;59%;-1%;Não
Tabatinga;SP;7,7;7,7;3,31;57%;0%;Não
Brasileira;PI;7,31;7,4;2,73;63%;-1%;Não
Itapecuru Mirim;MA;7,21;7,21;2,44;66%;0%;Não
Corumbataí;SP;7,01;4,58;7,4;-6%;35%;Não
Axixá do Tocantins;TO;7,01;7,01;28,94;-313%;0%;Não
Rio Branco;MT;6,92;6,92; -   ;100%;0%;Não
São João da Lagoa;MG;6,92;6,33;3,31;52%;8%;Não
Cantanhede;MA;6,62;6,62; -   ;100%;0%;Não
Francisco Sá;MG;6,62; -   ; -   ;100%;100%;Não
Tutóia;MA;6,53; -   ;14,42;-121%;100%;Não
São Salvador do Tocantins;TO;6,14;6,14; -   ;100%;0%;Não
Dom Pedro;MA;5,94; -   ; -   ;100%;100%;Não
Igarapé Grande;MA;5,85; -   ; -   ;100%;100%;Não
Nova América;GO;5,55;3,41;3,41;39%;39%;Não
Araputanga;MT;5,55;5,46; -   ;100%;2%;Não
Santa Maria da Vitória;BA;5,55; -   ; -   ;100%;100%;Não
Grão Mogol;MG;5,46; -   ; -   ;100%;100%;Não
Maurilândia do Tocantins;TO;5,46;5,16;4,09;25%;5%;Não
União;PI;5,46;3,41;29,23;-436%;38%;Não
Monjolos;MG;5,07; -   ;2,53;50%;100%;Não
Esmeraldas;MG;4,77; -   ; -   ;100%;100%;Não
Leandro Ferreira;MG;4,77;4,68; -   ;100%;2%;Não
Porto;PI;4,58;1,17;10,13;-121%;74%;Não
Bocaiúva;MG;4,48; -   ;4,19;7%;100%;Não
Claraval;MG;4,38;2,05; -   ;100%;53%;Não
Montes Claros;MG;3,99;1,56; -   ;100%;61%;Não
Nossa Senhora de Nazaré;PI;3,9; -   ;20,65;-430%;100%;Não
Guarinos;GO;3,7;9,26;1,46;61%;-150%;Não
Três Pontas;MG;3,6; -   ; -   ;100%;100%;Não
Lagoa Alegre;PI;3,6;3,6;8,67;-141%;0%;Não
Nazaré do Piauí;PI;3,31; -   ;8,57;-159%;100%;Não
Iturama;MG;3,22;2,05; -   ;100%;36%;Não
Jaboticatubas;MG;3,22; -   ; -   ;100%;100%;Não
Sampaio;TO;3,12;2,24; -   ;100%;28%;Não
Batalha;PI;3,12;1,27;12,86;-313%;59%;Não
Novo Brasil;GO;3,02;1,85;6,53;-116%;39%;Não
Claro dos Poções;MG;2,83;2,83; -   ;100%;0%;Não
Indiana;SP;2,83;1,07; -   ;100%;62%;Não
Montalvânia;MG;2,73; -   ; -   ;100%;100%;Não
Bom Jesus do Araguaia;MT;2,53;2,14; -   ;100%;15%;Não
Diamantina;MG;2,53; -   ; -   ;100%;100%;Não
São José dos Basílios;MA;2,44; -   ; -   ;100%;100%;Não
Córrego Danta;MG;2,34;2,34; -   ;100%;0%;Não
Piraquê;TO;2,14; -   ;58,26;-2618%;100%;Não
Inhuma;PI;2,05; -   ; -   ;100%;100%;Não
Serra da Saudade;MG;2,05;2,05;1,36;33%;0%;Não
Matões do Norte;MA;1,95; -   ;8,18;-320%;100%;Não
Tanabi;SP;1,85;0,29; -   ;100%;84%;Não
Pontes e Lacerda;MT;1,66;1,66; -   ;100%;0%;Não
Lajeado;TO;1,66;1,66;2,05;-24%;0%;Não
Poção de Pedras;MA;1,56;2,73;1,56;0%;-75%;Não
Nina Rodrigues;MA;1,56;1,36;9,94;-538%;13%;Não
Jauru;MT;1,56; -   ;1,66;-6%;100%;Não
Boqueirão do Piauí;PI;1,46;1,46; -   ;100%;0%;Não
Buenópolis;MG;1,46; -   ; -   ;100%;100%;Não
Lagoa dos Patos;MG;1,46;1,46;1,17;20%;0%;Não
Coroatá;MA;1,36; -   ; -   ;100%;100%;Não
Glaucilândia;MG;1,27; -   ; -   ;100%;100%;Não
São José do Divino;PI;1,27; -   ;27,57;-2077%;100%;Não
Funilândia;MG;1,17; -   ; -   ;100%;100%;Não
Pintópolis;MG;1,17; -   ; -   ;100%;100%;Não
Simolândia;GO;1,17;1,36; -   ;100%;-17%;Não
Bacabal;MA;1,07; -   ; -   ;100%;100%;Não
Peritoró;MA;1,07; -   ; -   ;100%;100%;Não
Santa Luzia;MG;1,07; -   ; -   ;100%;100%;Não
Milton Brandão;PI;0,97; -   ;1,07;-10%;100%;Não
Rio Claro;SP;0,97;0,97;7,5;-670%;0%;Não
Altos;PI;0,97; -   ;11,5;-1080%;100%;Não
São Raimundo do Doca Bezerra;MA;0,68; -   ;4,97;-629%;100%;Não
Morro Cabeça no Tempo;PI;0,19; -   ; -   ;100%;100%;Não
Agricolândia;PI; -   ; -   ; -   ;;#DIV/0!;Não
Água Boa;MG; -   ; -   ; -   ;;#DIV/0!;Não
Água Branca;PI; -   ; -   ; -   ;;#DIV/0!;Não
Água Limpa;GO; -   ; -   ; -   ;;#DIV/0!;Não
Águas de São Pedro;SP; -   ; -   ; -   ;;#DIV/0!;Não
Alfenas;MG; -   ; -   ; -   ;;#DIV/0!;Não
Alto Alegre do Maranhão;MA; -   ; -   ; -   ;;#DIV/0!;Não
Alto Longá;PI; -   ; -   ; -   ;;#DIV/0!;Não
Álvares Florence;SP; -   ; -   ; -   ;;#DIV/0!;Não
Amarante;PI; -   ; -   ; -   ;;#DIV/0!;Não
Angelândia;MG; -   ; -   ; -   ;;#DIV/0!;Não
Angical do Piauí;PI; -   ; -   ; -   ;;#DIV/0!;Não
Araçuaí;MG; -   ; -   ; -   ;;#DIV/0!;Não
Arame;MA; -   ; -   ;11,98;;#DIV/0!;Não
Arari;MA; -   ; -   ; -   ;;#DIV/0!;Não
Araújos;MG; -   ; -   ; -   ;;#DIV/0!;Não
Aricanduva;MG; -   ; -   ; -   ;;#DIV/0!;Não
Aroazes;PI; -   ; -   ; -   ;;#DIV/0!;Não
Arraial;PI; -   ; -   ; -   ;;#DIV/0!;Não
Avaí;SP; -   ; -   ; -   ;;#DIV/0!;Não
Barão de Cocais;MG; -   ; -   ; -   ;;#DIV/0!;Não
Barra D'Alcântara;PI; -   ; -   ; -   ;;#DIV/0!;Não
Barro Duro;PI; -   ; -   ; -   ;;#DIV/0!;Não
Belágua;MA; -   ; -   ; -   ;;#DIV/0!;Não
Belo Horizonte;MG; -   ; -   ; -   ;;#DIV/0!;Não
Beneditinos;PI; -   ; -   ; -   ;;#DIV/0!;Não
Berilo;MG; -   ; -   ; -   ;;#DIV/0!;Não
Bernardo do Mearim;MA; -   ; -   ; -   ;;#DIV/0!;Não
Betim;MG; -   ; -   ; -   ;;#DIV/0!;Não
Bom Jesus da Lapa;BA; -   ; -   ; -   ;;#DIV/0!;Não
Bom Jesus do Amparo;MG; -   ; -   ; -   ;;#DIV/0!;Não
Bom Lugar;MA; -   ; -   ; -   ;;#DIV/0!;Não
Bom Princípio do Piauí;PI; -   ; -   ; -   ;;#DIV/0!;Não
Bom Sucesso de Itararé;SP; -   ; -   ; -   ;;#DIV/0!;Não
Bonito de Minas;MG; -   ; -   ; -   ;;#DIV/0!;Não
Boquira;BA; -   ; -   ; -   ;;#DIV/0!;Não
Botumirim;MG; -   ; -   ; -   ;;#DIV/0!;Não
Botuporã;BA; -   ; -   ; -   ;;#DIV/0!;Não
Brasília de Minas;MG; -   ; -   ; -   ;;#DIV/0!;Não
Brejo de Areia;MA; -   ; -   ; -   ;;#DIV/0!;Não
Buriti dos Montes;PI; -   ; -   ; -   ;;#DIV/0!;Não
Buritinópolis;GO; -   ; -   ; -   ;;#DIV/0!;Não
Cabeceiras do Piauí;PI; -   ; -   ; -   ;;#DIV/0!;Não
Cachoeira da Prata;MG; -   ; -   ; -   ;;#DIV/0!;Não
Cachoeira Grande;MA; -   ; -   ; -   ;;#DIV/0!;Não
Caculé;BA; -   ; -   ; -   ;;#DIV/0!;Não
Caeté;MG; -   ; -   ; -   ;;#DIV/0!;Não
Caetité;BA; -   ; -   ; -   ;;#DIV/0!;Não
Campo Azul;MG; -   ; -   ; -   ;;#DIV/0!;Não
Campo Largo do Piauí;PI; -   ; -   ; -   ;;#DIV/0!;Não
Canápolis;BA; -   ; -   ; -   ;;#DIV/0!;Não
Capelinha;MG; -   ; -   ; -   ;;#DIV/0!;Não
Capim Branco;MG; -   ; -   ; -   ;;#DIV/0!;Não
Carmo da Mata;MG; -   ; -   ; -   ;;#DIV/0!;Não
Carmo do Cajuru;MG; -   ; -   ; -   ;;#DIV/0!;Não
Carneirinho;MG; -   ; -   ; -   ;;#DIV/0!;Não
Castelo do Piauí;PI; -   ; -   ;5,94;;#DIV/0!;Não
Cedro do Abaeté;MG; -   ; -   ; -   ;;#DIV/0!;Não
Chapada do Norte;MG; -   ; -   ; -   ;;#DIV/0!;Não
Cocal dos Alves;PI; -   ; -   ; -   ;;#DIV/0!;Não
Coivaras;PI; -   ; -   ;1,36;;#DIV/0!;Não
Conceição do Mato Dentro;MG; -   ; -   ; -   ;;#DIV/0!;Não
Conceição do Pará;MG; -   ; -   ; -   ;;#DIV/0!;Não
Condeúba;BA; -   ; -   ; -   ;;#DIV/0!;Não
Cônego Marinho;MG; -   ; -   ; -   ;;#DIV/0!;Não
Confins;MG; -   ; -   ; -   ;;#DIV/0!;Não
Congonhas do Norte;MG; -   ; -   ; -   ;;#DIV/0!;Não
Contagem;MG; -   ; -   ; -   ;;#DIV/0!;Não
Coração de Jesus;MG; -   ; -   ; -   ;;#DIV/0!;Não
Cordeiros;BA; -   ; -   ; -   ;;#DIV/0!;Não
Coribe;BA; -   ; -   ; -   ;;#DIV/0!;Não
Coronel Murta;MG; -   ; -   ; -   ;;#DIV/0!;Não
Couto de Magalhães de Minas;MG; -   ; -   ; -   ;;#DIV/0!;Não
Cristália;MG; -   ; -   ; -   ;;#DIV/0!;Não
Cristópolis;BA; -   ; -   ; -   ;;#DIV/0!;Não
Curimatá;PI; -   ; -   ; -   ;;#DIV/0!;Não
Curral de Dentro;MG; -   ; -   ; -   ;;#DIV/0!;Não
Curralinhos;PI; -   ; -   ; -   ;;#DIV/0!;Não
Demerval Lobão;PI; -   ; -   ; -   ;;#DIV/0!;Não
Denise;MT; -   ; -   ; -   ;;#DIV/0!;Não
Divinópolis de Goiás;GO; -   ; -   ; -   ;;#DIV/0!;Não
Divinópolis;MG; -   ; -   ; -   ;;#DIV/0!;Não
Doresópolis;MG; -   ; -   ; -   ;;#DIV/0!;Não
Duque Bacelar;MA; -   ; -   ;2,92;;#DIV/0!;Não
Elesbão Veloso;PI; -   ; -   ; -   ;;#DIV/0!;Não
Esperantinópolis;MA; -   ; -   ; -   ;;#DIV/0!;Não
Espinosa;MG; -   ; -   ; -   ;;#DIV/0!;Não
Feira da Mata;BA; -   ; -   ; -   ;;#DIV/0!;Não
Felício dos Santos;MG; -   ; -   ; -   ;;#DIV/0!;Não
Florestal;MG; -   ; -   ; -   ;;#DIV/0!;Não
Fortuna de Minas;MG; -   ; -   ; -   ;;#DIV/0!;Não
Francinópolis;PI; -   ; -   ; -   ;;#DIV/0!;Não
Francisco Ayres;PI; -   ; -   ; -   ;;#DIV/0!;Não
Francisco Badaró;MG; -   ; -   ; -   ;;#DIV/0!;Não
Fruta de Leite;MG; -   ; -   ; -   ;;#DIV/0!;Não
Governador Archer;MA; -   ; -   ; -   ;;#DIV/0!;Não
Graça Aranha;MA; -   ; -   ; -   ;;#DIV/0!;Não
Guanambi;BA; -   ; -   ; -   ;;#DIV/0!;Não
Guaraciama;MG; -   ; -   ; -   ;;#DIV/0!;Não
Guaribas;PI; -   ; -   ; -   ;;#DIV/0!;Não
Hugo Napoleão;PI; -   ; -   ; -   ;;#DIV/0!;Não
Ibiracatu;MG; -   ; -   ; -   ;;#DIV/0!;Não
Icaraí de Minas;MG; -   ; -   ; -   ;;#DIV/0!;Não
Icatu;MA; -   ; -   ; -   ;;#DIV/0!;Não
Igaporã;BA; -   ; -   ; -   ;;#DIV/0!;Não
Igarapé;MG; -   ; -   ; -   ;;#DIV/0!;Não
Igaratinga;MG; -   ; -   ; -   ;;#DIV/0!;Não
Ilha Grande;PI; -   ; -   ; -   ;;#DIV/0!;Não
Ilha Solteira;SP; -   ; -   ; -   ;;#DIV/0!;Não
Indaiabira;MG; -   ; -   ; -   ;;#DIV/0!;Não
Indiavaí;MT; -   ; -   ; -   ;;#DIV/0!;Não
Ipiaçu;MG; -   ; -   ; -   ;;#DIV/0!;Não
Ipiranga do Piauí;PI; -   ; -   ; -   ;;#DIV/0!;Não
Itabira;MG; -   ; -   ; -   ;;#DIV/0!;Não
Itacambira;MG; -   ; -   ; -   ;;#DIV/0!;Não
Itacarambi;MG; -   ; -   ; -   ;;#DIV/0!;Não
Itaguara;MG; -   ; -   ; -   ;;#DIV/0!;Não
Itamarandiba;MG; -   ; -   ; -   ;;#DIV/0!;Não
Itambé do Mato Dentro;MG; -   ; -   ; -   ;;#DIV/0!;Não
Itaúna;MG; -   ; -   ; -   ;;#DIV/0!;Não
Jacaraci;BA; -   ; -   ; -   ;;#DIV/0!;Não
Janaúba;MG; -   ; -   ; -   ;;#DIV/0!;Não
Japonvar;MG; -   ; -   ; -   ;;#DIV/0!;Não
Jardim do Mulato;PI; -   ; -   ; -   ;;#DIV/0!;Não
Jaú;SP; -   ; -   ; -   ;;#DIV/0!;Não
Jenipapo de Minas;MG; -   ; -   ; -   ;;#DIV/0!;Não
José Gonçalves de Minas;MG; -   ; -   ; -   ;;#DIV/0!;Não
Joselândia;MA; -   ; -   ; -   ;;#DIV/0!;Não
Josenópolis;MG; -   ; -   ; -   ;;#DIV/0!;Não
Juatuba;MG; -   ; -   ; -   ;;#DIV/0!;Não
Juazeiro do Piauí;PI; -   ; -   ; -   ;;#DIV/0!;Não
Juína;MT; -   ; -   ; -   ;;#DIV/0!;Não
Júlio Borges;PI; -   ; -   ; -   ;;#DIV/0!;Não
Lago do Junco;MA; -   ; -   ; -   ;;#DIV/0!;Não
Lago dos Rodrigues;MA; -   ; -   ; -   ;;#DIV/0!;Não
Lagoa de São Francisco;PI; -   ; -   ; -   ;;#DIV/0!;Não
Lagoa do Piauí;PI; -   ; -   ; -   ;;#DIV/0!;Não
Lagoa do Sítio;PI; -   ; -   ; -   ;;#DIV/0!;Não
Lagoa Grande do Maranhão;MA; -   ; -   ; -   ;;#DIV/0!;Não
Lagoa Real;BA; -   ; -   ; -   ;;#DIV/0!;Não
Lagoa Santa;MG; -   ; -   ; -   ;;#DIV/0!;Não
Lagoinha do Piauí;PI; -   ; -   ; -   ;;#DIV/0!;Não
Leme do Prado;MG; -   ; -   ; -   ;;#DIV/0!;Não
Licínio de Almeida;BA; -   ; -   ; -   ;;#DIV/0!;Não
Lima Campos;MA; -   ; -   ; -   ;;#DIV/0!;Não
Livramento de Nossa Senhora;BA; -   ; -   ; -   ;;#DIV/0!;Não
Lontra;MG; -   ; -   ; -   ;;#DIV/0!;Não
Luislândia;MG; -   ; -   ; -   ;;#DIV/0!;Não
Macaúbas;BA; -   ; -   ; -   ;;#DIV/0!;Não
Manga;MG; -   ; -   ; -   ;;#DIV/0!;Não
Mansidão;BA; -   ; -   ; -   ;;#DIV/0!;Não
Maravilhas;MG; -   ; -   ; -   ;;#DIV/0!;Não
Mateus Leme;MG; -   ; -   ; -   ;;#DIV/0!;Não
Matias Olímpio;PI; -   ; -   ; -   ;;#DIV/0!;Não
Matina;BA; -   ; -   ; -   ;;#DIV/0!;Não
Mato Verde;MG; -   ; -   ; -   ;;#DIV/0!;Não
Miguel Leão;PI; -   ; -   ; -   ;;#DIV/0!;Não
Minas Novas;MG; -   ; -   ; -   ;;#DIV/0!;Não
Mira Estrela;SP; -   ; -   ; -   ;;#DIV/0!;Não
Mirabela;MG; -   ; -   ; -   ;;#DIV/0!;Não
Miranda do Norte;MA; -   ; -   ; -   ;;#DIV/0!;Não
Miravânia;MG; -   ; -   ; -   ;;#DIV/0!;Não
Monsenhor Gil;PI; -   ; -   ; -   ;;#DIV/0!;Não
Monte Azul;MG; -   ; -   ; -   ;;#DIV/0!;Não
Montezuma;MG; -   ; -   ; -   ;;#DIV/0!;Não
Morro do Chapéu do Piauí;PI; -   ; -   ; -   ;;#DIV/0!;Não
Morro do Pilar;MG; -   ; -   ; -   ;;#DIV/0!;Não
Mortugaba;BA; -   ; -   ; -   ;;#DIV/0!;Não
Muquém do São Francisco;BA; -   ; -   ; -   ;;#DIV/0!;Não
Nazária;PI; -   ; -   ; -   ;;#DIV/0!;Não
Nepomuceno;MG; -   ; -   ; -   ;;#DIV/0!;Não
Ninheira;MG; -   ; -   ; -   ;;#DIV/0!;Não
Nossa Senhora dos Remédios;PI; -   ; -   ;0,88;;#DIV/0!;Não
Nova Serrana;MG; -   ; -   ; -   ;;#DIV/0!;Não
Nova União;MG; -   ; -   ; -   ;;#DIV/0!;Não
Novo Cruzeiro;MG; -   ; -   ; -   ;;#DIV/0!;Não
Novo Oriente do Piauí;PI; -   ; -   ; -   ;;#DIV/0!;Não
Novo Santo Antônio;PI; -   ; -   ; -   ;;#DIV/0!;Não
Novorizonte;MG; -   ; -   ; -   ;;#DIV/0!;Não
Oeiras;PI; -   ; -   ; -   ;;#DIV/0!;Não
Óleo;SP; -   ; -   ; -   ;;#DIV/0!;Não
Olho D'Água do Piauí;PI; -   ; -   ; -   ;;#DIV/0!;Não
Olhos-d'Água;MG; -   ; -   ; -   ;;#DIV/0!;Não
Oliveira dos Brejinhos;BA; -   ; -   ; -   ;;#DIV/0!;Não
Onça de Pitangui;MG; -   ; -   ; -   ;;#DIV/0!;Não
Padre Carvalho;MG; -   ; -   ; -   ;;#DIV/0!;Não
Palmeirais;PI; -   ; -   ; -   ;;#DIV/0!;Não
Pará de Minas;MG; -   ; -   ; -   ;;#DIV/0!;Não
Paramirim;BA; -   ; -   ; -   ;;#DIV/0!;Não
Paratinga;BA; -   ; -   ; -   ;;#DIV/0!;Não
Parisi;SP; -   ; -   ; -   ;;#DIV/0!;Não
Parnaíba;PI; -   ; -   ; -   ;;#DIV/0!;Não
Passagem Franca do Piauí;PI; -   ; -   ; -   ;;#DIV/0!;Não
Patis;MG; -   ; -   ; -   ;;#DIV/0!;Não
Pau D'Arco do Piauí;PI; -   ; -   ; -   ;;#DIV/0!;Não
Paulino Neves;MA; -   ; -   ; -   ;;#DIV/0!;Não
Paulo Ramos;MA; -   ; -   ;1,07;;#DIV/0!;Não
Pedras de Maria da Cruz;MG; -   ; -   ; -   ;;#DIV/0!;Não
Pedreiras;MA; -   ; -   ; -   ;;#DIV/0!;Não
Pedro II;PI; -   ; -   ; -   ;;#DIV/0!;Não
Pedro Leopoldo;MG; -   ; -   ; -   ;;#DIV/0!;Não
Perdigão;MG; -   ; -   ; -   ;;#DIV/0!;Não
Pilão Arcado;BA; -   ; -   ; -   ;;#DIV/0!;Não
Pimenteiras;PI; -   ; -   ; -   ;;#DIV/0!;Não
Pindaí;BA; -   ; -   ; -   ;;#DIV/0!;Não
Pirapemas;MA; -   ; -   ;2,14;;#DIV/0!;Não
Piripá;BA; -   ; -   ; -   ;;#DIV/0!;Não
Ponto Chique;MG; -   ; -   ; -   ;;#DIV/0!;Não
Porangaba;SP; -   ; -   ;1,95;;#DIV/0!;Não
Porteirinha;MG; -   ; -   ; -   ;;#DIV/0!;Não
Porto Estrela;MT; -   ; -   ;33,32;;#DIV/0!;Não
Prata do Piauí;PI; -   ; -   ; -   ;;#DIV/0!;Não
Presidente Juscelino;MA; -   ; -   ; -   ;;#DIV/0!;Não
Presidente Kubitschek;MG; -   ; -   ; -   ;;#DIV/0!;Não
Presidente Vargas;MA; -   ; -   ; -   ;;#DIV/0!;Não
Primeira Cruz;MA; -   ; -   ;10,23;;#DIV/0!;Não
Prudente de Morais;MG; -   ; -   ; -   ;;#DIV/0!;Não
Reginópolis;SP; -   ; -   ; -   ;;#DIV/0!;Não
Riachinho;TO; -   ; -   ; -   ;;#DIV/0!;Não
Riacho de Santana;BA; -   ; -   ; -   ;;#DIV/0!;Não
Riacho dos Machados;MG; -   ; -   ; -   ;;#DIV/0!;Não
Ribeira do Piauí;PI; -   ; -   ; -   ;;#DIV/0!;Não
Ribeirão das Neves;MG; -   ; -   ; -   ;;#DIV/0!;Não
Rio Maria;PA; -   ; -   ; -   ;;#DIV/0!;Não
Rio Pardo de Minas;MG; -   ; -   ; -   ;;#DIV/0!;Não
Rio Vermelho;MG; -   ; -   ; -   ;;#DIV/0!;Não
Rubelita;MG; -   ; -   ; -   ;;#DIV/0!;Não
Rubinéia;SP; -   ; -   ; -   ;;#DIV/0!;Não
Sabará;MG; -   ; -   ; -   ;;#DIV/0!;Não
Salinas;MG; -   ; -   ; -   ;;#DIV/0!;Não
Santa Clara d'Oeste;SP; -   ; -   ; -   ;;#DIV/0!;Não
Santa Cruz de Salinas;MG; -   ; -   ; -   ;;#DIV/0!;Não
Santa Cruz dos Milagres;PI; -   ; -   ; -   ;;#DIV/0!;Não
Santa Maria de Itabira;MG; -   ; -   ; -   ;;#DIV/0!;Não
Santa Rita;MA; -   ; -   ; -   ;;#DIV/0!;Não
Santa Rosa da Serra;MG; -   ; -   ;19,58;;#DIV/0!;Não
Santa Rosa do Piauí;PI; -   ; -   ; -   ;;#DIV/0!;Não
Santana da Vargem;MG; -   ; -   ; -   ;;#DIV/0!;Não
Santana do Riacho;MG; -   ; -   ; -   ;;#DIV/0!;Não
Santana;BA; -   ; -   ; -   ;;#DIV/0!;Não
Santo Afonso;MT; -   ; -   ; -   ;;#DIV/0!;Não
Santo Amaro do Maranhão;MA; -   ; -   ; -   ;;#DIV/0!;Não
Santo Antônio do Itambé;MG; -   ; -   ; -   ;;#DIV/0!;Não
Santo Antônio do Retiro;MG; -   ; -   ; -   ;;#DIV/0!;Não
Santo Antônio dos Lopes;MA; -   ; -   ; -   ;;#DIV/0!;Não
Santo Antônio dos Milagres;PI; -   ; -   ; -   ;;#DIV/0!;Não
São Félix do Piauí;PI; -   ; -   ; -   ;;#DIV/0!;Não
São Francisco de Paula;MG; -   ; -   ; -   ;;#DIV/0!;Não
São Francisco do Brejão;MA; -   ; -   ; -   ;;#DIV/0!;Não
São Francisco do Maranhão;MA; -   ; -   ; -   ;;#DIV/0!;Não
São Francisco do Piauí;PI; -   ; -   ; -   ;;#DIV/0!;Não
São Francisco;MG; -   ; -   ; -   ;;#DIV/0!;Não
São Gonçalo do Pará;MG; -   ; -   ; -   ;;#DIV/0!;Não
São Gonçalo do Piauí;PI; -   ; -   ; -   ;;#DIV/0!;Não
São Gonçalo do Rio Abaixo;MG; -   ; -   ; -   ;;#DIV/0!;Não
São Gonçalo do Rio Preto;MG; -   ; -   ; -   ;;#DIV/0!;Não
São João da Ponte;MG; -   ; -   ; -   ;;#DIV/0!;Não
São João da Serra;PI; -   ; -   ; -   ;;#DIV/0!;Não
São João das Missões;MG; -   ; -   ; -   ;;#DIV/0!;Não
São João do Arraial;PI; -   ; -   ;1,36;;#DIV/0!;Não
São João do Pacuí;MG; -   ; -   ; -   ;;#DIV/0!;Não
São João do Paraíso;MG; -   ; -   ; -   ;;#DIV/0!;Não
São Joaquim de Bicas;MG; -   ; -   ; -   ;;#DIV/0!;Não
São José da Lapa;MG; -   ; -   ; -   ;;#DIV/0!;Não
São José da Varginha;MG; -   ; -   ; -   ;;#DIV/0!;Não
São Luís Gonzaga do Maranhão;MA; -   ; -   ; -   ;;#DIV/0!;Não
São Miguel da Baixa Grande;PI; -   ; -   ; -   ;;#DIV/0!;Não
São Miguel do Tapuio;PI; -   ; -   ; -   ;;#DIV/0!;Não
São Pedro do Piauí;PI; -   ; -   ; -   ;;#DIV/0!;Não
São Roberto;MA; -   ; -   ; -   ;;#DIV/0!;Não
São Sebastião do Oeste;MG; -   ; -   ; -   ;;#DIV/0!;Não
São Sebastião do Paraíso;MG; -   ; -   ; -   ;;#DIV/0!;Não
São Sebastião do Rio Preto;MG; -   ; -   ; -   ;;#DIV/0!;Não
São Simão;GO; -   ; -   ; -   ;;#DIV/0!;Não
Senador Modestino Gonçalves;MG; -   ; -   ; -   ;;#DIV/0!;Não
Serra Azul de Minas;MG; -   ; -   ; -   ;;#DIV/0!;Não
Serra Dourada;BA; -   ; -   ; -   ;;#DIV/0!;Não
Serranópolis de Minas;MG; -   ; -   ; -   ;;#DIV/0!;Não
Serro;MG; -   ; -   ; -   ;;#DIV/0!;Não
Setubinha;MG; -   ; -   ; -   ;;#DIV/0!;Não
Taiobeiras;MG; -   ; -   ; -   ;;#DIV/0!;Não
Tanque do Piauí;PI; -   ; -   ; -   ;;#DIV/0!;Não
Tanque Novo;BA; -   ; -   ; -   ;;#DIV/0!;Não
Taquaraçu de Minas;MG; -   ; -   ; -   ;;#DIV/0!;Não
Timbiras;MA; -   ; -   ; -   ;;#DIV/0!;Não
Torre de Pedra;SP; -   ; -   ;2,44;;#DIV/0!;Não
Tremedal;BA; -   ; -   ; -   ;;#DIV/0!;Não
Trizidela do Vale;MA; -   ; -   ; -   ;;#DIV/0!;Não
Turmalina;MG; -   ; -   ; -   ;;#DIV/0!;Não
Ubaí;MG; -   ; -   ; -   ;;#DIV/0!;Não
Urandi;BA; -   ; -   ; -   ;;#DIV/0!;Não
Valença do Piauí;PI; -   ; -   ; -   ;;#DIV/0!;Não
Vargem Grande do Rio Pardo;MG; -   ; -   ; -   ;;#DIV/0!;Não
Vargem Grande;MA; -   ; -   ;17,63;;#DIV/0!;Não
Várzea Grande;PI; -   ; -   ; -   ;;#DIV/0!;Não
Varzelândia;MG; -   ; -   ; -   ;;#DIV/0!;Não
Veredinha;MG; -   ; -   ; -   ;;#DIV/0!;Não
Vespasiano;MG; -   ; -   ; -   ;;#DIV/0!;Não
Vila Rica;MT; -   ; -   ; -   ;;#DIV/0!;Não
Virgem da Lapa;MG; -   ; -   ; -   ;;#DIV/0!;Não
Wanderley;BA; -   ; -   ; -   ;;#DIV/0!;Não
